Name,TM,POS,AB,H,1B,2B,3B,HR,R,RBI,BB,SB,CS,HP,IP,K,HA,W,ER,BB,HP,CG
Iliyan Yunuz,NYY,3B,12,3,3,0,0,0,2,4,9,0,0,0,0.0,0,0,0,0,0,0,0
Tadeo Nieto,MTL,RF,16,4,3,0,0,1,5,3,8,1,0,0,0.0,0,0,0,0,0,0,0
Jordi Bhola,ATL,1B,18,2,2,0,0,0,2,0,7,1,0,0,0.0,0,0,0,0,0,0,0
Desi Quinones,MIN,RF,14,6,5,1,0,0,2,2,7,1,0,0,0.0,0,0,0,0,0,0,0
Roberto Bessi,CLT,2B,16,3,3,0,0,0,3,2,6,1,1,0,0.0,0,0,0,0,0,0,0
Jacques Bédard,ABQ,LF,16,6,2,4,0,0,3,1,6,1,1,0,0.0,0,0,0,0,0,0,0
Tod Cepeda,DCN,LF,26,8,6,1,1,0,3,1,6,1,3,0,0.0,0,0,0,0,0,0,0
Cyrus Edwards,SD,1B,17,5,4,1,0,0,5,2,6,0,0,0,0.0,0,0,0,0,0,0,0
Tom Garabedian,VAN,SS,26,9,7,1,0,1,6,7,6,2,0,0,0.0,0,0,0,0,0,0,0
Troy Goggans,PHI,1B,23,6,4,0,0,2,6,5,6,0,0,1,0.0,0,0,0,0,0,0,0
Samuel Gómez,DCN,RF,20,7,6,1,0,0,4,1,6,1,0,0,0.0,0,0,0,0,0,0,0
Mariano Marquel,VAN,1B,19,8,8,0,0,0,5,0,6,1,2,2,0.0,0,0,0,0,0,0,0
Huy Nien,LAD,1B,23,9,7,0,0,2,4,10,6,0,0,0,0.0,0,0,0,0,0,0,0
Daxton Anderson,CIN,C,19,8,5,3,0,0,5,1,5,1,0,0,0.0,0,0,0,0,0,0,0
Aiman Barhoumi,MIN,1B,20,4,3,0,0,1,2,4,5,0,0,0,0.0,0,0,0,0,0,0,0
Nicholas Bates,ATL,2B,24,6,4,1,0,1,1,1,5,0,1,0,0.0,0,0,0,0,0,0,0
Jimmy Brossard,MTL,CF,21,8,6,1,0,1,3,2,5,0,0,0,0.0,0,0,0,0,0,0,0
C.J. D'Acquisto,MIN,2B,17,6,5,1,0,0,0,3,5,0,0,0,0.0,0,0,0,0,0,0,0
Samet Daiu,TEX,3B,25,7,7,0,0,0,0,0,5,0,1,0,0.0,0,0,0,0,0,0,0
Salim Demir,STL,RF,16,2,2,0,0,0,1,0,5,0,0,0,0.0,0,0,0,0,0,0,0
Joseph Major,NYY,1B,18,5,4,1,0,0,4,0,5,0,0,0,0.0,0,0,0,0,0,0,0
Del McKinney,SFS,C,17,5,3,0,0,2,4,5,5,0,0,1,0.0,0,0,0,0,0,0,0
Santiago Morales,TBG,C,18,7,6,1,0,0,3,4,5,0,0,0,0.0,0,0,0,0,0,0,0
Ricky Pinardi,DCN,CF,23,6,6,0,0,0,5,2,5,0,1,0,0.0,0,0,0,0,0,0,0
Brian Salvato,MTL,LF,28,8,5,0,0,3,10,10,5,0,0,0,0.0,0,0,0,0,0,0,0
Trent Tee,AZ,2B,20,5,4,1,0,0,2,1,5,0,1,1,0.0,0,0,0,0,0,0,0
Ragnar Warthman,MTL,LF,29,10,8,1,0,1,6,3,5,3,1,0,0.0,0,0,0,0,0,0,0
Yohanny Almonte,CLT,1B,26,9,8,1,0,0,5,2,4,2,1,0,0.0,0,0,0,0,0,0,0
Rob Boullaine,SLC,CF,25,4,1,1,0,2,3,4,4,0,0,0,0.0,0,0,0,0,0,0,0
Clint Casavant,TOR,CF,21,8,8,0,0,0,3,0,4,0,1,0,0.0,0,0,0,0,0,0,0
Min-Hu Choi,MIL,CF,22,4,4,0,0,0,1,0,4,0,0,0,0.0,0,0,0,0,0,0,0
P.J. Ellis,PHI,RF,19,3,3,0,0,0,3,1,4,1,1,0,0.0,0,0,0,0,0,0,0
Andy Gastineau,PIT,SS,21,9,8,0,0,1,4,2,4,1,2,0,0.0,0,0,0,0,0,0,0
Jordan Gomez,SLC,1B,18,7,4,1,0,2,4,7,4,0,0,0,0.0,0,0,0,0,0,0,0
Blake Hall,NYM,CF,25,7,6,1,0,0,4,2,4,1,0,0,0.0,0,0,0,0,0,0,0
Tevfik Kaner,BOI,2B,20,5,2,1,0,2,4,4,4,0,0,0,0.0,0,0,0,0,0,0,0
Hudson King,KC,CF,21,4,4,0,0,0,3,2,4,1,0,0,0.0,0,0,0,0,0,0,0
Elliot Koukal,SLC,LF,26,6,6,0,0,0,6,0,4,0,1,0,0.0,0,0,0,0,0,0,0
Nik Kranjc,NYY,3B,19,8,8,0,0,0,1,3,4,0,0,0,0.0,0,0,0,0,0,0,0
Konstantin Lazarou,SFS,CF,16,2,2,0,0,0,1,1,4,0,0,0,0.0,0,0,0,0,0,0,0
Dukie Lochrie,LAD,2B,29,11,9,2,0,0,7,2,4,4,2,0,0.0,0,0,0,0,0,0,0
Ricardo Lugo,LAD,1B,28,6,3,2,0,1,6,3,4,0,0,1,0.0,0,0,0,0,0,0,0
Gregg Mata,SFS,3B,17,2,1,1,0,0,2,0,4,0,0,0,0.0,0,0,0,0,0,0,0
Francis Mills,BOS,1B,22,9,6,3,0,0,3,3,4,1,0,1,0.0,0,0,0,0,0,0,0
Oscar Munoz,SLC,RF,24,8,8,0,0,0,1,1,4,0,0,0,0.0,0,0,0,0,0,0,0
Sokol Prendi,MTL,SS,26,5,3,2,0,0,6,1,4,0,0,0,0.0,0,0,0,0,0,0,0
Soldier Rhodes,MIN,CF,18,3,2,0,0,1,3,5,4,1,0,0,0.0,0,0,0,0,0,0,0
Roel Rijks,CLT,RF,13,2,1,1,0,0,3,0,4,0,0,0,0.0,0,0,0,0,0,0,0
Dogancan Selâniki,NYM,2B,26,8,3,4,0,1,5,3,4,0,0,0,0.0,0,0,0,0,0,0,0
Andrew Strother,BOI,CF,21,4,3,0,0,1,3,1,4,0,0,0,0.0,0,0,0,0,0,0,0
Ibrahim Sulemanagic,SLC,3B,14,3,1,1,0,1,3,3,4,0,0,0,0.0,0,0,0,0,0,0,0
Dinh-Hy Tanh,CLE,RF,18,7,5,2,0,0,1,1,4,0,0,0,0.0,0,0,0,0,0,0,0
V.J. Taylor,DET,1B,23,5,3,2,0,0,2,2,4,1,0,1,0.0,0,0,0,0,0,0,0
Elier Tejano,CIN,LF,20,5,4,1,0,0,2,5,4,0,0,0,0.0,0,0,0,0,0,0,0
Zach Trusnik,CHC,1B,25,5,4,1,0,0,0,4,4,0,1,0,0.0,0,0,0,0,0,0,0
Vincenzo Vitiello,DCN,C,20,3,3,0,0,0,2,4,4,0,0,0,0.0,0,0,0,0,0,0,0
Kyndon Walker,TBG,RF,20,6,5,1,0,0,1,2,4,0,1,0,0.0,0,0,0,0,0,0,0
Artie Wallace,HOU,1B,21,5,4,0,0,1,5,5,4,0,0,0,0.0,0,0,0,0,0,0,0
Jozef Wilder,MIL,1B,22,7,3,3,0,1,2,2,4,1,0,0,0.0,0,0,0,0,0,0,0
Rudy Abshire,DCN,3B,21,5,3,0,0,2,3,5,3,0,0,1,0.0,0,0,0,0,0,0,0
Jack Alford,COL,LF,17,5,4,1,0,0,1,0,3,0,1,0,0.0,0,0,0,0,0,0,0
Adam Anderson,KC,2B,21,8,6,0,0,2,4,8,3,1,0,0,0.0,0,0,0,0,0,0,0
E.J. Anderson,MTL,3B,30,12,9,1,0,2,9,9,3,1,0,0,0.0,0,0,0,0,0,0,0
Ximeno Anguiano,SAC,3B,20,0,0,0,0,0,2,0,3,0,0,1,0.0,0,0,0,0,0,0,0
Kendy Antoine,CLT,CF,21,5,5,0,0,0,4,2,3,0,0,0,0.0,0,0,0,0,0,0,0
Leandro Bastos,ATL,3B,30,8,4,0,0,4,5,9,3,1,0,1,0.0,0,0,0,0,0,0,0
Billy Bridge,NYY,SS,13,1,1,0,0,0,0,2,3,0,0,0,0.0,0,0,0,0,0,0,0
Boris Chambers,TEX,CF,27,5,4,0,0,1,2,2,3,0,1,0,0.0,0,0,0,0,0,0,0
Archer Crawford,MIL,C,17,4,2,0,0,2,3,5,3,0,0,1,0.0,0,0,0,0,0,0,0
Theodore Da Silva,TEX,1B,29,10,8,1,0,1,1,4,3,0,0,0,0.0,0,0,0,0,0,0,0
Howard Dunlap,MIA,LF,17,2,2,0,0,0,1,0,3,0,0,0,0.0,0,0,0,0,0,0,0
Leonardo Elias,NOLA,RF,22,8,5,2,0,1,3,5,3,0,0,1,0.0,0,0,0,0,0,0,0
Ethan Fournier,HOU,LF,19,4,3,1,0,0,2,2,3,1,0,0,0.0,0,0,0,0,0,0,0
Finn Gregory,DET,SS,15,4,3,1,0,0,0,3,3,0,0,0,0.0,0,0,0,0,0,0,0
Marc Hall,MIN,3B,21,7,5,0,0,2,6,8,3,0,0,0,0.0,0,0,0,0,0,0,0
Jacob Hughes,ATL,LF,31,7,6,1,0,0,5,2,3,0,1,1,0.0,0,0,0,0,0,0,0
Dimitrios Ioannou,ABQ,RF,21,6,3,1,0,2,5,3,3,1,0,0,0.0,0,0,0,0,0,0,0
Mel Johnson,DET,1B,21,5,4,1,0,0,2,1,3,0,0,0,0.0,0,0,0,0,0,0,0
Ray Kendrick,CLE,1B,22,5,5,0,0,0,2,3,3,0,0,0,0.0,0,0,0,0,0,0,0
Logan Kloss,BAL,RF,24,3,3,0,0,0,2,1,3,0,0,0,0.0,0,0,0,0,0,0,0
D.Y. Madsen,NOLA,2B,17,4,4,0,0,0,5,1,3,0,0,0,0.0,0,0,0,0,0,0,0
Dylan McCoy,CIN,2B,19,4,3,0,0,1,3,1,3,0,0,0,0.0,0,0,0,0,0,0,0
Arnie Moskal,TBG,1B,22,4,2,0,0,2,4,7,3,0,0,0,0.0,0,0,0,0,0,0,0
Rodolfo Mota,BOI,RF,22,5,3,1,0,1,2,5,3,0,1,0,0.0,0,0,0,0,0,0,0
Andrei Mulligan,DET,CF,19,3,2,1,0,0,2,0,3,0,0,0,0.0,0,0,0,0,0,0,0
Noah Nagel,SD,2B,20,6,3,2,0,1,3,1,3,2,1,0,0.0,0,0,0,0,0,0,0
Caeden Nichols,PHI,C,23,7,6,0,0,1,6,5,3,0,0,0,0.0,0,0,0,0,0,0,0
Shola Nweke,VAN,LF,25,11,11,0,0,0,4,2,3,1,4,1,0.0,0,0,0,0,0,0,0
Kirk Oliver,BOI,1B,23,3,2,1,0,0,2,1,3,0,0,1,0.0,0,0,0,0,0,0,0
Naci Pasa,MIL,2B,16,4,3,0,0,1,3,1,3,1,0,0,0.0,0,0,0,0,0,0,0
Tristan Patterson,MTL,2B,25,5,4,1,0,0,3,2,3,0,0,0,0.0,0,0,0,0,0,0,0
Ludger Poncet,TEX,RF,19,4,3,0,0,1,1,3,3,0,0,1,0.0,0,0,0,0,0,0,0
Imre Pongrácz,TOR,SS,18,8,7,0,0,1,3,3,3,0,0,0,0.0,0,0,0,0,0,0,0
Bip Pope,PHI,1B,28,5,2,1,0,2,3,4,3,0,1,0,0.0,0,0,0,0,0,0,0
Augustin Quiñones,BOS,RF,11,3,1,1,0,1,5,2,3,0,0,0,0.0,0,0,0,0,0,0,0
Otis Ramírez,MTL,C,23,7,5,0,0,2,3,8,3,0,0,1,0.0,0,0,0,0,0,0,0
Alejandro Rodríguez,CHC,C,25,6,5,0,0,1,3,2,3,0,0,1,0.0,0,0,0,0,0,0,0
Mateo Sanz,VAN,2B,25,7,6,1,0,0,3,5,3,0,0,0,0.0,0,0,0,0,0,0,0
Andres Sisneros,VAN,C,27,5,4,1,0,0,3,3,3,0,0,0,0.0,0,0,0,0,0,0,0
Vic Smith,PIT,3B,16,4,3,1,0,0,0,2,3,0,0,0,0.0,0,0,0,0,0,0,0
Josh Stechschulte,AZ,3B,25,8,6,2,0,0,7,2,3,1,0,0,0.0,0,0,0,0,0,0,0
Piotr Stirbu,MIN,LF,22,9,4,5,0,0,6,6,3,0,1,0,0.0,0,0,0,0,0,0,0
Xander Topper,VAN,CF,25,5,5,0,0,0,5,0,3,3,1,1,0.0,0,0,0,0,0,0,0
Matteo Tortori,ATL,C,19,6,4,2,0,0,2,2,3,0,1,0,0.0,0,0,0,0,0,0,0
Jong-Gyu Twisselman,SAC,SS,22,7,5,1,0,1,3,4,3,0,0,0,0.0,0,0,0,0,0,0,0
Sebastian Umanzor,HOU,1B,16,2,2,0,0,0,1,1,3,0,0,0,0.0,0,0,0,0,0,0,0
Sima Viduka,CIN,1B,12,4,4,0,0,0,1,2,3,0,2,0,0.0,0,0,0,0,0,0,0
Carson Ward,BAL,3B,19,7,6,0,1,0,2,2,3,1,0,0,0.0,0,0,0,0,0,0,0
Pete Waugh,SAC,LF,18,3,3,0,0,0,3,0,3,1,1,1,0.0,0,0,0,0,0,0,0
Kyle Yoder,BOS,CF,22,1,1,0,0,0,1,2,3,0,0,0,0.0,0,0,0,0,0,0,0
Zlatko Aleksic,SD,LF,17,7,7,0,0,0,1,4,2,0,1,0,0.0,0,0,0,0,0,0,0
Steve Amaya,CHC,LF,28,8,5,0,0,3,6,5,2,0,0,0,0.0,0,0,0,0,0,0,0
Graham Babcock,MIA,RF,23,5,2,2,0,1,2,5,2,0,0,0,0.0,0,0,0,0,0,0,0
Andy Bagley,AZ,2B,28,9,7,1,0,1,3,3,2,1,2,0,0.0,0,0,0,0,0,0,0
D.J. Baltzell,POR,3B,21,7,3,3,0,1,2,5,2,0,0,0,0.0,0,0,0,0,0,0,0
Bruno Bassani,SFS,2B,19,5,5,0,0,0,3,0,2,1,0,0,0.0,0,0,0,0,0,0,0
Jared Bennett,PHI,SS,23,4,4,0,0,0,1,2,2,0,1,0,0.0,0,0,0,0,0,0,0
Larry Berg,PHI,2B,23,8,6,2,0,0,2,4,2,1,0,0,0.0,0,0,0,0,0,0,0
E.J. Bernardo,VAN,1B,22,8,6,2,0,0,3,5,2,2,0,1,0.0,0,0,0,0,0,0,0
Antoine Boivin,SLC,C,23,6,6,0,0,0,1,2,2,0,0,0,0.0,0,0,0,0,0,0,0
Gabriel Bonilla,STL,3B,18,8,6,1,0,1,3,5,2,1,0,0,0.0,0,0,0,0,0,0,0
Santiago Bonilla,BAL,CF,21,4,1,2,0,1,2,3,2,0,0,0,0.0,0,0,0,0,0,0,0
P.J. Brinson,LAD,CF,28,6,5,1,0,0,2,3,2,1,0,0,0.0,0,0,0,0,0,0,0
Marcel Cardona,MIA,3B,19,6,5,0,0,1,2,2,2,0,1,0,0.0,0,0,0,0,0,0,0
Vito Ceresa,HOU,CF,25,4,4,0,0,0,1,2,2,0,1,2,0.0,0,0,0,0,0,0,0
Robert Cheng,SD,RF,18,5,3,2,0,0,2,4,2,0,0,0,0.0,0,0,0,0,0,0,0
Ray Clay,BOI,RF,16,6,4,1,0,1,3,3,2,0,0,2,0.0,0,0,0,0,0,0,0
Benedito Crespo,MIA,C,18,7,7,0,0,0,1,4,2,0,0,0,0.0,0,0,0,0,0,0,0
Dee Dee Dailey,MIA,1B,22,2,2,0,0,0,1,0,2,0,0,0,0.0,0,0,0,0,0,0,0
Aaron Dean,SLC,SS,19,4,4,0,0,0,2,0,2,0,0,0,0.0,0,0,0,0,0,0,0
Memphis DeMann,NYY,LF,16,3,2,0,0,1,2,2,2,0,1,1,0.0,0,0,0,0,0,0,0
Max Dobias,PIT,C,19,6,5,1,0,0,2,3,2,0,0,0,0.0,0,0,0,0,0,0,0
Emre Ergin,CLT,SS,21,6,5,0,0,1,3,4,2,0,0,0,0.0,0,0,0,0,0,0,0
Davey Escobedo,AZ,1B,22,8,6,0,0,2,3,4,2,1,0,0,0.0,0,0,0,0,0,0,0
Woody Gallagher,CLE,3B,19,2,1,1,0,0,2,0,2,0,0,0,0.0,0,0,0,0,0,0,0
Arnaldo García,BOI,C,16,3,3,0,0,0,1,2,2,0,0,0,0.0,0,0,0,0,0,0,0
Patrick Gardner,AZ,LF,21,9,7,2,0,0,4,1,2,0,0,0,0.0,0,0,0,0,0,0,0
Owen Harris,PHI,LF,28,8,5,2,0,1,5,2,2,0,0,0,0.0,0,0,0,0,0,0,0
Kane Haywood,BAL,C,16,4,3,0,0,1,3,2,2,0,0,0,0.0,0,0,0,0,0,0,0
Aitor Heredia,ABQ,1B,19,3,3,0,0,0,2,0,2,0,0,0,0.0,0,0,0,0,0,0,0
Sergio Hernández,NOLA,3B,18,3,3,0,0,0,0,1,2,0,1,1,0.0,0,0,0,0,0,0,0
Ryan Holcomb,NYM,RF,26,8,8,0,0,0,4,2,2,0,0,0,0.0,0,0,0,0,0,0,0
Colt Hooper,POR,CF,18,5,3,1,0,1,4,2,2,0,2,0,0.0,0,0,0,0,0,0,0
Noël Hudon,MIL,2B,19,1,1,0,0,0,1,0,2,0,0,0,0.0,0,0,0,0,0,0,0
Kornelius Hurtault,HOU,1B,22,5,4,1,0,0,3,0,2,0,0,0,0.0,0,0,0,0,0,0,0
Ivica Ivkovic,COL,C,17,6,6,0,0,0,1,1,2,0,0,0,0.0,0,0,0,0,0,0,0
Vasil Jakova,SAC,CF,19,6,4,2,0,0,2,1,2,1,1,1,0.0,0,0,0,0,0,0,0
Landon Jones,COL,3B,16,7,7,0,0,0,3,0,2,0,0,0,0.0,0,0,0,0,0,0,0
Rowan Kendrick,BAL,1B,24,6,4,0,0,2,2,3,2,0,0,0,0.0,0,0,0,0,0,0,0
Vlad Konkov,HOU,RF,18,5,2,2,0,1,4,4,2,0,0,0,0.0,0,0,0,0,0,0,0
Kyr Konoplyanka,CLE,CF,14,2,1,0,0,1,1,1,2,0,0,1,0.0,0,0,0,0,0,0,0
Adrian Kurz,SFS,1B,22,7,4,2,0,1,2,6,2,0,0,0,0.0,0,0,0,0,0,0,0
Avery Lewis,TOR,3B,22,8,5,1,0,2,5,5,2,0,0,0,0.0,0,0,0,0,0,0,0
Jakov Maric,SFS,SS,18,3,3,0,0,0,2,0,2,0,1,0,0.0,0,0,0,0,0,0,0
Sam Mbekile,STL,CF,20,6,3,2,1,0,3,1,2,1,0,0,0.0,0,0,0,0,0,0,0
O.J. McGee,BAL,LF,11,4,2,2,0,0,2,0,2,0,1,0,0.0,0,0,0,0,0,0,0
Jake Mota,SEA,1B,19,4,3,1,0,0,1,1,2,2,0,0,0.0,0,0,0,0,0,0,0
E.J. Nash,TBG,LF,30,7,5,2,0,0,4,1,2,0,0,0,0.0,0,0,0,0,0,0,0
Jaime Ormsby,CIN,SS,24,8,6,1,1,0,2,6,2,0,0,0,0.0,0,0,0,0,0,0,0
Mike Overmier,NYM,2B,19,7,6,0,0,1,5,2,2,0,1,0,0.0,0,0,0,0,0,0,0
Timothy Park,CHC,SS,28,6,4,0,0,2,3,5,2,0,0,0,0.0,0,0,0,0,0,0,0
Kevin Pate,BAL,LF,20,7,6,0,0,1,3,2,2,0,1,0,0.0,0,0,0,0,0,0,0
Grizzly Perez,TBG,CF,21,4,2,1,0,1,2,2,2,0,0,0,0.0,0,0,0,0,0,0,0
Victor Pineda,NYY,2B,24,8,5,1,0,2,6,2,2,1,1,2,0.0,0,0,0,0,0,0,0
Tony Rajaonarisoa,DET,RF,23,10,7,2,0,1,2,3,2,0,1,0,0.0,0,0,0,0,0,0,0
Pablo Rascon,PHI,3B,19,6,5,1,0,0,4,0,2,1,0,1,0.0,0,0,0,0,0,0,0
Morgan Robichaud,CLT,RF,21,9,7,1,0,1,4,4,2,0,0,0,0.0,0,0,0,0,0,0,0
Matias Rodriguez,NYM,LF,29,9,7,2,0,0,3,4,2,0,0,0,0.0,0,0,0,0,0,0,0
Jim Rolfson,DCN,2B,31,6,5,1,0,0,1,4,2,0,0,0,0.0,0,0,0,0,0,0,0
Elton Ross,TBG,SS,23,4,4,0,0,0,4,1,2,0,0,0,0.0,0,0,0,0,0,0,0
Nelson Ruiz,BOS,SS,22,7,4,2,0,1,5,1,2,0,0,0,0.0,0,0,0,0,0,0,0
Mark Samsonenko,SEA,2B,17,7,4,3,0,0,3,4,2,0,0,0,0.0,0,0,0,0,0,0,0
Jacinto Sandoval,KC,LF,22,9,7,2,0,0,3,1,2,0,0,0,0.0,0,0,0,0,0,0,0
P.J. Sepulveda,KC,3B,20,8,2,4,0,2,4,5,2,0,0,0,0.0,0,0,0,0,0,0,0
Joe Sheridan,MIL,CF,17,3,2,0,0,1,2,3,2,1,1,0,0.0,0,0,0,0,0,0,0
Zachariah Sim,STL,1B,18,7,4,2,0,1,4,3,2,1,0,0,0.0,0,0,0,0,0,0,0
Bill Smith,ATL,LF,30,9,8,1,0,0,5,1,2,1,1,0,0.0,0,0,0,0,0,0,0
Ponziano Solis,SEA,3B,17,3,1,0,0,2,2,6,2,0,0,0,0.0,0,0,0,0,0,0,0
Hugo Soto,BOS,C,19,4,2,2,0,0,1,4,2,0,0,0,0.0,0,0,0,0,0,0,0
Todd Stubbs,CHC,CF,24,7,5,2,0,0,4,4,2,0,1,0,0.0,0,0,0,0,0,0,0
Han Mg Sálka,CIN,LF,22,7,4,2,0,1,3,5,2,0,0,0,0.0,0,0,0,0,0,0,0
Tom Tetzlaff,MIA,3B,18,5,4,0,0,1,1,3,2,1,0,0,0.0,0,0,0,0,0,0,0
Roman Tkachenko,SEA,LF,18,6,4,1,0,1,3,4,2,1,1,1,0.0,0,0,0,0,0,0,0
Kenny Upshaw,ABQ,SS,16,2,2,0,0,0,2,0,2,0,0,0,0.0,0,0,0,0,0,0,0
Eric Valentin,ATL,SS,31,8,7,1,0,0,2,0,2,3,1,2,0.0,0,0,0,0,0,0,0
Santino Villa,MIL,LF,23,2,1,0,0,1,1,2,2,0,0,0,0.0,0,0,0,0,0,0,0
Devin Webb,NYY,2B,18,4,3,0,0,1,3,4,2,1,0,0,0.0,0,0,0,0,0,0,0
Jamison Wheeler,SD,CF,22,11,8,2,1,0,2,3,2,2,3,0,0.0,0,0,0,0,0,0,0
Ken Winston,SEA,3B,20,3,2,0,0,1,2,5,2,0,0,0,0.0,0,0,0,0,0,0,0
Jamie Abbey,TOR,1B,19,3,1,1,0,1,2,5,1,0,0,0,0.0,0,0,0,0,0,0,0
Mason Adedipe,POR,1B,10,1,1,0,0,0,0,0,1,0,0,0,0.0,0,0,0,0,0,0,0
Garcia Alajandrez,TEX,LF,26,7,6,0,0,1,3,1,1,0,0,1,0.0,0,0,0,0,0,0,0
Claus Baxter,MIA,CF,17,5,4,0,0,1,3,1,1,1,0,1,0.0,0,0,0,0,0,0,0
Joel Bolio,CLT,3B,19,4,3,1,0,0,1,2,1,0,0,0,0.0,0,0,0,0,0,0,0
Brian Bridges,HOU,3B,28,7,6,0,1,0,1,3,1,0,0,0,0.0,0,0,0,0,0,0,0
Connor Brown,MIN,SS,20,2,2,0,0,0,2,0,1,0,0,0,0.0,0,0,0,0,0,0,0
Jivin Brown,BOS,RF,10,2,1,0,0,1,1,3,1,0,0,0,0.0,0,0,0,0,0,0,0
Diogo Carvalho,NYM,1B,17,3,2,1,0,0,1,1,1,0,0,0,0.0,0,0,0,0,0,0,0
Morris Chariton,MIL,3B,21,7,4,3,0,0,3,2,1,0,0,0,0.0,0,0,0,0,0,0,0
Tommy Clark,ATL,CF,20,6,6,0,0,0,2,2,1,3,0,0,0.0,0,0,0,0,0,0,0
Angel Colina,BOI,LF,15,7,5,1,0,1,3,2,1,0,1,0,6.0,7,9,1,1,2,0,0
Paul Correa,SEA,RF,22,6,6,0,0,0,4,0,1,1,0,0,0.0,0,0,0,0,0,0,0
Jonah Crane,MIN,LF,12,5,4,0,0,1,3,3,1,0,0,0,0.0,0,0,0,0,0,0,0
Allen Creamer,SLC,SS,8,0,0,0,0,0,1,0,1,0,0,1,0.0,0,0,0,0,0,0,0
Neifi Creus,CLE,SS,15,1,0,0,1,0,0,1,1,0,0,0,0.0,0,0,0,0,0,0,0
Ronnie Cureton,MIA,RF,20,7,7,0,0,0,1,2,1,0,1,0,0.0,0,0,0,0,0,0,0
Liam DiMarco,SLC,1B,13,2,1,0,0,1,2,3,1,0,0,1,0.0,0,0,0,0,0,0,0
Jonathan Dupeyron,TBG,3B,24,6,4,0,0,2,4,4,1,0,0,0,0.0,0,0,0,0,0,0,0
Alfie Duran,CIN,3B,24,4,3,0,0,1,2,2,1,1,0,1,0.0,0,0,0,0,0,0,0
Darrien Dziarski,PIT,1B,15,5,4,1,0,0,1,1,1,0,1,0,0.0,0,0,0,0,0,0,0
Joe Eagle,CHC,CF,13,4,4,0,0,0,1,0,1,1,1,0,0.0,0,0,0,0,0,0,0
Enrique Echegoyen,SEA,2B,13,5,4,0,0,1,1,2,1,1,0,0,0.0,0,0,0,0,0,0,0
Zach Evans,NOLA,3B,20,7,6,1,0,0,2,1,1,0,0,0,0.0,0,0,0,0,0,0,0
Renato Feliz,SFS,RF,19,3,2,1,0,0,3,3,1,1,0,0,0.0,0,0,0,0,0,0,0
Jeff Figueredo,BAL,LF,19,4,4,0,0,0,0,0,1,0,0,0,0.0,0,0,0,0,0,0,0
Andy Francisco,NYM,3B,28,4,3,0,0,1,2,4,1,0,0,0,0.0,0,0,0,0,0,0,0
Cole Hall,LAD,RF,34,13,9,4,0,0,7,5,1,1,0,0,0.0,0,0,0,0,0,0,0
Shahriar Haque,ABQ,2B,21,3,2,1,0,0,1,1,1,0,0,0,0.0,0,0,0,0,0,0,0
Ivan Harris,COL,SS,21,6,4,1,0,1,4,3,1,1,0,0,0.0,0,0,0,0,0,0,0
Miguel Jaimes,PIT,CF,18,5,4,1,0,0,2,0,1,0,0,0,0.0,0,0,0,0,0,0,0
Santiago Jeffries,SD,SS,21,4,4,0,0,0,2,1,1,0,0,0,0.0,0,0,0,0,0,0,0
Joe Johnson,TEX,3B,24,6,5,0,0,1,5,2,1,0,1,0,0.0,0,0,0,0,0,0,0
Scott Johnston,DCN,1B,29,6,5,0,0,1,4,2,1,0,0,0,0.0,0,0,0,0,0,0,0
Jackson Kelley,ABQ,CF,22,8,5,0,0,3,4,5,1,0,1,0,0.0,0,0,0,0,0,0,0
Chris Kolasinski,DET,3B,24,8,6,2,0,0,1,2,1,0,0,1,0.0,0,0,0,0,0,0,0
Chris Kubinski,HOU,2B,29,9,8,1,0,0,3,1,1,2,0,0,0.0,0,0,0,0,0,0,0
Aleksandr Kuznetsov,CLT,3B,23,7,6,0,0,1,2,3,1,0,1,0,0.0,0,0,0,0,0,0,0
Payton LaBay,CHC,RF,34,10,5,3,0,2,6,7,1,1,0,0,0.0,0,0,0,0,0,0,0
Christian Langelier,AZ,SS,24,3,2,1,0,0,2,0,1,1,0,1,0.0,0,0,0,0,0,0,0
Drake Law,POR,SS,18,3,2,1,0,0,1,0,1,0,0,1,0.0,0,0,0,0,0,0,0
Michael Leffew,LAD,SS,28,10,8,1,0,1,4,3,1,0,3,0,0.0,0,0,0,0,0,0,0
D.J. Lewis,SLC,2B,25,9,3,4,1,1,4,5,1,0,0,0,0.0,0,0,0,0,0,0,0
Kaiden Lynch,SFS,LF,16,8,7,0,1,0,1,2,1,0,0,0,0.0,0,0,0,0,0,0,0
Kyle Marx,NYM,SS,29,9,8,1,0,0,3,1,1,2,1,0,0.0,0,0,0,0,0,0,0
Fernendo Minjarez,MIL,RF,18,6,4,0,0,2,2,3,1,0,1,0,0.0,0,0,0,0,0,0,0
Alessandro Monti,ATL,RF,30,6,4,0,2,0,1,3,1,0,0,0,0.0,0,0,0,0,0,0,0
Árpád Murna,BOI,LF,26,6,4,1,0,1,2,1,1,0,0,0,0.0,0,0,0,0,0,0,0
Billy Lee Nelson,STL,SS,19,5,3,2,0,0,0,2,1,0,0,0,0.0,0,0,0,0,0,0,0
Karson Nutt,SAC,2B,20,5,3,1,0,1,3,6,1,0,1,0,0.0,0,0,0,0,0,0,0
Tim Paschke,NOLA,1B,20,6,5,1,0,0,3,1,1,0,0,0,0.0,0,0,0,0,0,0,0
Skip Perez,KC,1B,22,6,4,1,0,1,3,4,1,0,1,0,0.0,0,0,0,0,0,0,0
Bobby Lee Pisar,POR,RF,11,3,2,0,0,1,1,1,1,0,0,0,0.0,0,0,0,0,0,0,0
Tim Rausch,PHI,CF,26,8,6,2,0,0,1,6,1,0,0,0,0.0,0,0,0,0,0,0,0
Nate Reininga,COL,1B,17,2,2,0,0,0,2,0,1,0,1,1,0.0,0,0,0,0,0,0,0
Aidan Reuter,BOS,LF,20,8,4,2,0,2,2,6,1,1,0,0,0.0,0,0,0,0,0,0,0
Aristeo Reyes,CIN,RF,31,12,10,1,0,1,5,2,1,0,1,0,0.0,0,0,0,0,0,0,0
Sam Robichaux,STL,2B,20,2,1,1,0,0,1,1,1,0,1,1,0.0,0,0,0,0,0,0,0
Armando Rodriguez,TBG,2B,29,9,7,0,0,2,6,5,1,0,2,0,0.0,0,0,0,0,0,0,0
Claude Santoyo,NYY,CF,19,8,5,2,0,1,3,2,1,1,1,0,0.0,0,0,0,0,0,0,0
Kojo Scarlett,TEX,SS,23,7,6,0,0,1,2,3,1,0,0,2,0.0,0,0,0,0,0,0,0
Turner Slawson,NYM,C,21,5,4,0,1,0,2,4,1,0,0,0,0.0,0,0,0,0,0,0,0
Gelindo Solnar,TOR,RF,19,6,3,3,0,0,1,6,1,0,0,0,0.0,0,0,0,0,0,0,0
Justin Tarnowski,LAD,3B,27,12,10,0,1,1,4,7,1,0,0,0,0.0,0,0,0,0,0,0,0
Woody Taylor,COL,2B,20,4,3,1,0,0,0,3,1,0,0,0,0.0,0,0,0,0,0,0,0
Kraig Troxler,KC,SS,20,6,5,1,0,0,3,2,1,0,0,0,0.0,0,0,0,0,0,0,0
Christopher Turcotte,PIT,2B,21,4,3,0,0,1,1,1,1,0,0,0,0.0,0,0,0,0,0,0,0
Riordan Van Vorce,NYM,3B,11,4,3,1,0,0,1,4,1,0,0,0,0.0,0,0,0,0,0,0,0
Benny Velez,MIN,1B,22,10,9,1,0,0,4,3,1,1,0,0,0.0,0,0,0,0,0,0,0
Júlio Viramontes,CLE,2B,19,5,5,0,0,0,2,0,1,0,0,0,0.0,0,0,0,0,0,0,0
Bobby Warren,KC,1B,24,10,9,1,0,0,5,2,1,0,0,0,0.0,0,0,0,0,0,0,0
Rik Yan,LAD,LF,28,8,7,0,0,1,6,1,1,1,0,0,0.0,0,0,0,0,0,0,0
Wyatt Yates,SAC,1B,22,8,8,0,0,0,2,0,1,1,0,0,0.0,0,0,0,0,0,0,0
Lateef Abdul-Wahed,KC,CL,0,0,0,0,0,0,0,0,0,0,0,0,6.2,5,7,0,1,3,1,0
Maceo Abreu,HOU,RP,0,0,0,0,0,0,0,0,0,0,0,0,2.2,2,2,0,0,0,0,0
Leandro Acosta,BAL,RP,0,0,0,0,0,0,0,0,0,0,0,0,3.0,3,0,0,0,1,0,0
Rito Agosto,COL,CL,0,0,0,0,0,0,0,0,0,0,0,0,2.0,1,0,0,0,1,0,0
Tiburcio Aguado,SAC,RP,0,0,0,0,0,0,0,0,0,0,0,0,2.2,3,2,0,1,2,0,0
Michael Akurugu,ABQ,SP,0,0,0,0,0,0,0,0,0,0,0,0,7.0,4,7,0,2,1,0,0
Martin Alcalá,DCN,RP,0,0,0,0,0,0,0,0,0,0,0,0,2.0,1,1,0,0,0,0,0
Dylan Allan,TBG,RP,0,0,0,0,0,0,0,0,0,0,0,0,1.2,1,1,0,0,0,0,0
Moses Allen,KC,RP,0,0,0,0,0,0,0,0,0,0,0,0,1.2,0,3,0,2,3,0,0
Aries Amos,MTL,RP,0,0,0,0,0,0,0,0,0,0,0,0,4.2,2,5,0,2,1,0,0
Cameron Anderson,MTL,RP,0,0,0,0,0,0,0,0,0,0,0,0,4.0,1,3,0,1,3,0,0
Charles Anderson,SEA,RP,0,0,0,0,0,0,0,0,0,0,0,0,1.0,1,1,0,0,0,0,0
Ryan Andrus,MIA,RP,0,0,0,0,0,0,0,0,0,0,0,0,3.1,1,4,1,3,3,1,0
Santiago Arbizo,VAN,RP,0,0,0,0,0,0,0,0,0,0,0,0,2.0,2,3,0,0,1,0,0
Laurus Armas,DET,RP,0,0,0,0,0,0,0,0,0,0,0,0,1.1,0,2,0,0,1,0,0
Dave Auseklis,TOR,RF,20,2,1,1,0,0,2,1,0,0,0,0,0.0,0,0,0,0,0,0,0
Marty Aviles,TEX,RP,0,0,0,0,0,0,0,0,0,0,0,0,4.0,1,4,0,0,1,0,0
T.J. Bade,NOLA,RP,0,0,0,0,0,0,0,0,0,0,0,0,1.2,2,3,0,1,1,0,0
Yousuf Baig,CLE,SP,0,0,0,0,0,0,0,0,0,0,0,0,5.0,4,7,1,2,3,0,0
Ahmed Bambino,AZ,RP,0,0,0,0,0,0,0,0,0,0,0,0,4.0,4,7,0,3,0,0,0
Marcin Bando,CLE,CL,0,0,0,0,0,0,0,0,0,0,0,0,3.0,4,1,0,0,3,0,0
Joe Barney,SAC,RP,0,0,0,0,0,0,0,0,0,0,0,0,0.1,0,2,0,2,2,0,0
Neal Bass,SEA,SP,0,0,0,0,0,0,0,0,0,0,0,0,8.0,10,3,0,1,6,0,0
Sandy Bautista,VAN,RP,0,0,0,0,0,0,0,0,0,0,0,0,4.0,0,8,0,7,2,1,0
Ricardo Bazen,BAL,RP,0,0,0,0,0,0,0,0,0,0,0,0,0.1,0,0,0,0,0,0,0
Oscar Beckers,COL,SP,0,0,0,0,0,0,0,0,0,0,0,0,1.1,0,5,0,5,3,0,0
Mason Beech,ATL,RP,0,0,0,0,0,0,0,0,0,0,0,0,0.2,0,0,0,0,0,0,0
Mason Belles,BOI,SP,0,0,0,0,0,0,0,0,0,0,0,0,15.1,12,14,0,4,5,0,0
Wamochia Benesovsky,HOU,RP,0,0,0,0,0,0,0,0,0,0,0,0,1.1,1,0,0,0,0,0,0
Lucas Bergara,DET,RP,0,0,0,0,0,0,0,0,0,0,0,0,1.0,1,5,0,3,1,0,0
Tom Beyke,MIN,SP,0,0,0,0,0,0,0,0,0,0,0,0,16.1,5,14,2,2,1,0,1
Fabrizio Biagini,SEA,SS,21,5,5,0,0,0,3,0,0,0,0,0,0.0,0,0,0,0,0,0,0
Josiah Bishop,BOS,SP,0,0,0,0,0,0,0,0,0,0,0,0,9.0,8,3,1,0,0,0,1
Dylan Bissett,ABQ,SP,0,0,0,0,0,0,0,0,0,0,0,0,8.0,7,2,1,1,1,1,0
Chad Blackburn,BOI,SP,0,0,0,0,0,0,0,0,0,0,0,0,13.2,12,20,1,10,5,1,0
Julien Blais,CIN,SP,0,0,0,0,0,0,0,0,0,0,0,0,8.2,5,7,2,1,5,0,0
Jac Bocchetti,MTL,RP,0,0,0,0,0,0,0,0,0,0,0,0,3.0,3,5,0,3,1,0,0
Jeacques Bogren,PHI,RP,0,0,0,0,0,0,0,0,0,0,0,0,0.2,0,0,0,0,0,0,0
Trace Bolden,LAD,CL,0,0,0,0,0,0,0,0,0,0,0,0,0.2,0,0,0,0,0,0,0
Rick Boone,SAC,SP,0,0,0,0,0,0,0,0,0,0,0,0,14.1,6,10,1,3,3,0,0
Mario Booth,SFS,RP,0,0,0,0,0,0,0,0,0,0,0,0,2.0,0,3,0,1,2,0,0
Colton Bouffard,DET,RP,0,0,0,0,0,0,0,0,0,0,0,0,2.0,1,2,0,0,0,0,0
Gary Bradley,NYY,SP,0,0,0,0,0,0,0,0,0,0,0,0,5.1,1,5,1,1,3,1,0
Todd Bradshaw,ABQ,CL,0,0,0,0,0,0,0,0,0,0,0,0,2.1,3,4,0,4,3,2,0
Tucker Brenn,PHI,RP,0,0,0,0,0,0,0,0,0,0,0,0,0.2,0,0,0,0,1,0,0
Tom Brent,SEA,RP,0,0,0,0,0,0,0,0,0,0,0,0,3.2,2,3,0,0,2,0,0
Emil Briones,POR,RP,0,0,0,0,0,0,0,0,0,0,0,0,4.0,3,7,0,8,5,1,0
David Broome,MIN,CL,0,0,0,0,0,0,0,0,0,0,0,0,1.0,1,1,0,0,0,0,0
Tavion Brown,COL,RP,0,0,0,0,0,0,0,0,0,0,0,0,1.0,2,0,0,0,0,0,0
Jerome Burns,SLC,SP,0,0,0,0,0,0,0,0,0,0,0,0,11.1,8,18,1,8,3,1,0
Mason Buswell,STL,SP,0,0,0,0,0,0,0,0,0,0,0,0,7.0,5,4,1,1,4,0,0
Montel Caballero,TBG,RP,0,0,0,0,0,0,0,0,0,0,0,0,2.0,4,0,0,0,0,0,0
Roy Cairns,CLE,RP,0,0,0,0,0,0,0,0,0,0,0,0,1.0,1,0,0,0,0,0,0
John Calixte,VAN,SP,0,0,0,0,0,0,0,0,0,0,0,0,10.0,6,18,0,8,1,0,0
Souleymane Camara,HOU,RP,0,0,0,0,0,0,0,0,0,0,0,0,2.1,1,1,0,0,1,0,0
Wagner Camarillo,CLE,RP,0,0,0,0,0,0,0,0,0,0,0,0,1.1,2,3,0,1,0,0,0
André Camilo,PIT,CL,0,0,0,0,0,0,0,0,0,0,0,0,2.1,3,1,0,4,4,1,0
Augustine Candelaria,TOR,SP,0,0,0,0,0,0,0,0,0,0,0,0,14.2,10,14,1,1,9,1,1
Loren Candelaria,DCN,RP,0,0,0,0,0,0,0,0,0,0,0,0,4.2,2,10,0,5,4,0,0
Gandalf Cannaday,TEX,RP,0,0,0,0,0,0,0,0,0,0,0,0,1.1,0,4,0,3,2,0,0
Maxwell Carmichael,MIL,RP,0,0,0,0,0,0,0,0,0,0,0,0,1.2,1,4,0,2,1,0,0
Carter Cato,SFS,RP,0,0,0,0,0,0,0,0,0,0,0,0,4.1,5,5,1,2,0,1,0
Aarón Cedeño,MIA,RP,0,0,0,0,0,0,0,0,0,0,0,0,2.1,0,2,0,0,1,0,0
Tom Center,VAN,3B,14,3,2,0,0,1,3,6,0,0,0,1,0.0,0,0,0,0,0,0,0
Winston Chagnon,COL,SP,0,0,0,0,0,0,0,0,0,0,0,0,2.2,1,2,0,0,0,0,0
Dinesh Chander,DCN,CL,0,0,0,0,0,0,0,0,0,0,0,0,4.0,0,3,1,0,2,0,0
Stephen Chandler,SFS,RP,0,0,0,0,0,0,0,0,0,0,0,0,6.2,2,3,1,2,4,0,0
Earl Charette,MIN,SP,0,0,0,0,0,0,0,0,0,0,0,0,3.2,1,11,0,8,2,0,0
Damien Chartrand,TEX,SP,0,0,0,0,0,0,0,0,0,0,0,0,15.0,8,12,0,6,5,0,0
Oliver Chestnut,BAL,SP,0,0,0,0,0,0,0,0,0,0,0,0,6.1,5,9,0,4,5,0,0
Sebastian Cho,TEX,SP,0,0,0,0,0,0,0,0,0,0,0,0,8.2,8,5,1,0,1,2,0
Sylvain Christoffel,LAD,SP,0,0,0,0,0,0,0,0,0,0,0,0,16.1,15,16,1,6,4,0,1
Victor Clifton,MIL,SP,0,0,0,0,0,0,0,0,0,0,0,0,7.0,5,12,0,6,1,1,0
Gabe Clinton,KC,RP,0,0,0,0,0,0,0,0,0,0,0,0,4.1,6,5,0,3,3,0,0
Montrell Coleman,CHC,RP,0,0,0,0,0,0,0,0,0,0,0,0,4.1,2,2,1,1,1,0,0
Mohammed Comas,MIA,SP,0,0,0,0,0,0,0,0,0,0,0,0,7.1,4,11,0,3,2,0,0
Wyatt Connor,DCN,SP,0,0,0,0,0,0,0,0,0,0,0,0,8.1,10,7,1,5,2,1,0
Sam Conteh,CLT,SP,0,0,0,0,0,0,0,0,0,0,0,0,5.1,6,9,0,5,3,0,0
Jackson Cooper,CLT,CL,0,0,0,0,0,0,0,0,0,0,0,0,5.0,8,5,1,2,0,0,0
Roland Coreto,COL,CF,16,3,3,0,0,0,1,1,0,0,1,0,0.0,0,0,0,0,0,0,0
Erminio Corvellini,POR,CL,0,0,0,0,0,0,0,0,0,0,0,0,2.2,3,4,0,2,0,0,0
Roberto Covarrubias,NOLA,CL,0,0,0,0,0,0,0,0,0,0,0,0,2.0,4,3,0,0,1,0,0
Steve Cowan,TEX,RP,0,0,0,0,0,0,0,0,0,0,0,0,2.2,2,2,1,0,1,0,0
Louis-Charles Craswell,HOU,RP,0,0,0,0,0,0,0,0,0,0,0,0,0.1,1,3,0,1,0,0,0
Elliott Curiel,BAL,SP,0,0,0,0,0,0,0,0,0,0,0,0,17.0,9,13,1,1,2,0,0
Gavin Daily,TEX,SP,0,0,0,0,0,0,0,0,0,0,0,0,11.2,10,15,0,11,5,1,0
Kristian Daniel,SEA,RP,0,0,0,0,0,0,0,0,0,0,0,0,1.2,0,2,0,2,1,0,0
Levi Davis,TBG,RP,0,0,0,0,0,0,0,0,0,0,0,0,1.2,1,1,0,0,2,0,0
Kuchek Davoodi,KC,SP,0,0,0,0,0,0,0,0,0,0,0,0,6.0,9,6,1,2,3,0,0
Augustin De Boeck,TEX,SP,0,0,0,0,0,0,0,0,0,0,0,0,3.1,2,4,0,2,0,0,0
Kenneth De la Cruz,DET,RP,0,0,0,0,0,0,0,0,0,0,0,0,2.1,1,2,0,2,1,0,0
Fabian De La Torre,SD,3B,22,4,3,1,0,0,0,0,0,0,0,0,0.0,0,0,0,0,0,0,0
Lionel de Vol,PIT,RP,0,0,0,0,0,0,0,0,0,0,0,0,2.1,1,4,0,0,2,0,0
Aaron Delannoy,CLE,SP,0,0,0,0,0,0,0,0,0,0,0,0,7.2,9,6,0,1,1,1,0
Adrian DeLay,LAD,RP,0,0,0,0,0,0,0,0,0,0,0,0,0.2,0,0,0,0,1,0,0
Ulisseo Delgado,MTL,RP,0,0,0,0,0,0,0,0,0,0,0,0,3.1,3,1,0,0,3,0,0
E.J. Denn,SEA,RP,0,0,0,0,0,0,0,0,0,0,0,0,2.0,0,2,0,0,1,0,0
Gavin Denz,STL,SP,0,0,0,0,0,0,0,0,0,0,0,0,5.2,3,9,0,3,4,0,0
Yorman Diaz,STL,SP,0,0,0,0,0,0,0,0,0,0,0,0,7.2,5,7,0,1,2,0,0
Arduino Donato,MIA,SP,0,0,0,0,0,0,0,0,0,0,0,0,12.0,4,12,0,6,6,2,0
John Donovan,TEX,CL,0,0,0,0,0,0,0,0,0,0,0,0,7.2,4,7,0,1,1,0,0
Bob Dougherty,CLT,RP,0,0,0,0,0,0,0,0,0,0,0,0,1.2,1,0,1,0,0,0,0
Aleksandr Dubrovsky,CIN,RP,0,0,0,0,0,0,0,0,0,0,0,0,2.1,4,1,0,0,0,0,0
Rob Duckworth,TBG,SP,0,0,0,0,0,0,0,0,0,0,0,0,0.2,0,1,0,1,2,0,0
Ethan Dupuis,MIA,SP,0,0,0,0,0,0,0,0,0,0,0,0,11.2,5,13,0,5,10,0,0
Dantel Duran,DET,SP,0,0,0,0,0,0,0,0,0,0,0,0,17.0,8,17,1,4,4,1,1
Jolly Roger Easton,TBG,RP,0,0,0,0,0,0,0,0,0,0,0,0,3.1,3,4,0,3,4,1,0
Ludwig Elijah,TBG,RP,0,0,0,0,0,0,0,0,0,0,0,0,1.2,3,2,0,4,2,0,0
Travis Emanuelson,MIA,RP,0,0,0,0,0,0,0,0,0,0,0,0,3.0,1,4,0,3,3,0,0
John Erickson,CHC,SP,0,0,0,0,0,0,0,0,0,0,0,0,10.0,8,9,0,5,6,1,0
Mike Erickson,AZ,RP,0,0,0,0,0,0,0,0,0,0,0,0,4.0,1,4,0,4,3,0,0
Rutley Fagley,COL,RP,0,0,0,0,0,0,0,0,0,0,0,0,1.1,1,0,0,0,0,0,0
Oliver Feliz,AZ,RP,0,0,0,0,0,0,0,0,0,0,0,0,4.0,3,1,0,0,2,1,0
Brentley Ferretti,ATL,RP,0,0,0,0,0,0,0,0,0,0,0,0,4.2,2,1,1,0,1,0,0
Rémy Fischer,SFS,RP,0,0,0,0,0,0,0,0,0,0,0,0,2.1,1,2,1,0,1,0,0
Elton Fisher,ATL,CL,0,0,0,0,0,0,0,0,0,0,0,0,7.2,7,3,0,0,1,0,0
Troy Fisher,DCN,RP,0,0,0,0,0,0,0,0,0,0,0,0,2.0,1,1,0,0,0,0,0
J.R. Follett,CLE,RP,0,0,0,0,0,0,0,0,0,0,0,0,8.1,5,6,1,3,7,0,0
Gabriel Fortin,SAC,SP,0,0,0,0,0,0,0,0,0,0,0,0,7.0,8,10,0,3,0,0,0
Dale Francoeur,POR,SP,0,0,0,0,0,0,0,0,0,0,0,0,5.0,5,5,0,4,4,0,0
Wally Frey,BOI,3B,23,7,4,2,0,1,2,5,0,0,0,1,0.0,0,0,0,0,0,0,0
Liam Fulmer,AZ,RP,0,0,0,0,0,0,0,0,0,0,0,0,3.0,2,2,0,0,4,0,0
Virgil Furlong,CIN,CF,27,5,5,0,0,0,0,1,0,0,2,0,0.0,0,0,0,0,0,0,0
Markus Gacioch,NYM,SP,0,0,0,0,0,0,0,0,0,0,0,0,15.1,11,14,0,4,4,0,0
Christopher Gaines,SAC,RF,23,8,5,3,0,0,2,2,0,0,0,1,0.0,0,0,0,0,0,0,0
Gabe Garcia,CLT,SP,0,0,0,0,0,0,0,0,0,0,0,0,12.2,5,14,1,5,4,0,0
Ruben García,POR,RP,0,0,0,0,0,0,0,0,0,0,0,0,3.0,2,0,0,0,0,0,0
A.J. Garvey,TBG,RP,0,0,0,0,0,0,0,0,0,0,0,0,3.0,1,8,0,7,5,0,0
Peter Gavac,TEX,RP,0,0,0,0,0,0,0,0,0,0,0,0,2.1,0,1,0,1,4,0,0
Newt Gibbs,NOLA,RP,0,0,0,0,0,0,0,0,0,0,0,0,1.0,0,1,0,0,0,0,0
Steve Glover,PHI,SP,0,0,0,0,0,0,0,0,0,0,0,0,13.1,15,15,1,3,4,0,0
Guinn Goff,MTL,RP,0,0,0,0,0,0,0,0,0,0,0,0,0.2,1,0,0,0,0,0,0
Jeremy Golda,CLT,RP,0,0,0,0,0,0,0,0,0,0,0,0,1.0,1,2,0,0,2,0,0
Spartak Gonchar,SEA,CF,18,7,6,1,0,0,3,2,0,1,0,0,0.0,0,0,0,0,0,0,0
Alejandro Gonzalez,AZ,CF,20,4,3,0,0,1,3,3,0,0,0,0,0.0,0,0,0,0,0,0,0
Andrew Gonzalez,SD,SP,0,0,0,0,0,0,0,0,0,0,0,0,7.0,2,7,0,5,4,0,0
Moreno González,NYY,RP,0,0,0,0,0,0,0,0,0,0,0,0,0.1,0,0,0,0,1,0,0
Bevin Gordon,SEA,RP,0,0,0,0,0,0,0,0,0,0,0,0,2.0,1,5,0,5,4,0,0
Brigham Gorman,POR,SP,0,0,0,0,0,0,0,0,0,0,0,0,12.1,9,11,1,2,5,0,0
J.P. Gosselin,DCN,SP,0,0,0,0,0,0,0,0,0,0,0,0,15.1,6,17,1,6,3,0,1
Chris Gough,SFS,CL,0,0,0,0,0,0,0,0,0,0,0,0,3.0,4,3,0,0,1,0,0
Troy Gowdy,DET,C,21,5,4,1,0,0,1,3,0,0,0,0,0.0,0,0,0,0,0,0,0
Simon Graf,CLT,SP,0,0,0,0,0,0,0,0,0,0,0,0,15.0,13,6,1,0,1,1,0
Dylan Graniero,VAN,CL,0,0,0,0,0,0,0,0,0,0,0,0,3.0,4,4,0,1,1,0,0
Wade Graves,MTL,CL,0,0,0,0,0,0,0,0,0,0,0,0,3.0,2,3,1,0,0,0,0
Clive Graybill,NYM,RP,0,0,0,0,0,0,0,0,0,0,0,0,1.2,1,2,0,0,1,1,0
Giovanni Greco,KC,CL,0,0,0,0,0,0,0,0,0,0,0,0,1.1,1,0,0,0,1,0,0
Joel Green,ATL,SP,0,0,0,0,0,0,0,0,0,0,0,0,16.2,15,16,0,6,6,0,0
Finley Grey,CLT,RP,0,0,0,0,0,0,0,0,0,0,0,0,2.2,3,1,0,0,0,0,0
Archie Grissom,POR,LF,18,3,2,1,0,0,0,1,0,0,0,0,0.0,0,0,0,0,0,0,0
Geraldo Grunwald,SEA,SP,0,0,0,0,0,0,0,0,0,0,0,0,8.2,5,13,1,6,5,0,0
Christian Gudgel,DET,RP,0,0,0,0,0,0,0,0,0,0,0,0,1.2,2,1,0,0,1,0,0
Max Guzman,VAN,RF,30,11,10,1,0,0,4,5,0,0,0,0,0.0,0,0,0,0,0,0,0
J.J. Hall,MIL,RP,0,0,0,0,0,0,0,0,0,0,0,0,1.0,1,3,0,2,1,0,0
Leland Hamblen,VAN,RP,0,0,0,0,0,0,0,0,0,0,0,0,3.2,1,3,1,3,1,0,0
Henry Hammond,SD,RP,0,0,0,0,0,0,0,0,0,0,0,0,3.0,2,1,0,2,1,0,0
Cooper Hanson,CHC,3B,29,7,6,1,0,0,1,0,0,0,0,0,0.0,0,0,0,0,0,0,0
Steve Hardy,KC,RP,0,0,0,0,0,0,0,0,0,0,0,0,4.0,4,2,1,0,1,0,0
Caleb Harry,MIL,RP,0,0,0,0,0,0,0,0,0,0,0,0,0.2,0,0,0,0,1,0,0
Lachlan Hartley,PHI,SP,0,0,0,0,0,0,0,0,0,0,0,0,15.1,17,11,1,5,6,0,0
Toby Hatcher,BOS,RP,0,0,0,0,0,0,0,0,0,0,0,0,3.0,4,2,0,1,4,0,0
DIEGO HENRY,LAD,SP,0,0,0,0,0,0,0,0,0,0,0,0,14.1,10,16,1,8,2,0,0
Easton Hensley,VAN,SP,0,0,0,0,0,0,0,0,0,0,0,0,14.0,8,16,1,7,4,0,0
Darin Hernández,LAD,RP,0,0,0,0,0,0,0,0,0,0,0,0,2.0,2,0,0,0,1,0,0
Hector Hernández,ATL,SP,0,0,0,0,0,0,0,0,0,0,0,0,6.2,6,11,0,2,0,0,0
Mephisto Hernández,TEX,RP,0,0,0,0,0,0,0,0,0,0,0,0,0.1,0,2,0,3,1,0,0
Daniel Herrera,NYY,CL,0,0,0,0,0,0,0,0,0,0,0,0,3.0,6,1,1,0,2,0,0
Dwayne Higgins,SAC,SP,0,0,0,0,0,0,0,0,0,0,0,0,6.1,5,7,1,2,1,0,0
Silas Hoggard,PIT,SP,0,0,0,0,0,0,0,0,0,0,0,0,16.0,10,10,1,3,3,0,0
Mario Holguin,AZ,SP,0,0,0,0,0,0,0,0,0,0,0,0,11.1,7,14,2,4,8,0,0
Jaxon Huckleby,BOS,RP,0,0,0,0,0,0,0,0,0,0,0,0,0.2,0,1,0,0,1,0,0
Dien Hung,ABQ,RP,0,0,0,0,0,0,0,0,0,0,0,0,1.0,2,1,0,0,1,0,0
Russ Hunter,NOLA,SP,0,0,0,0,0,0,0,0,0,0,0,0,15.0,4,16,1,7,9,0,1
Aaron Hutchens,BAL,RP,0,0,0,0,0,0,0,0,0,0,0,0,3.1,0,6,0,4,1,0,0
Kyu-soo Huysee,AZ,RF,26,4,4,0,0,0,1,3,0,1,0,0,0.0,0,0,0,0,0,0,0
Ben Hyde,DCN,RP,0,0,0,0,0,0,0,0,0,0,0,0,1.0,0,0,0,0,0,0,0
Harol Iglesias,BOI,RP,0,0,0,0,0,0,0,0,0,0,0,0,1.0,1,0,0,0,0,0,0
Joshua Ireton,CHC,SP,0,0,0,0,0,0,0,0,0,0,0,0,16.2,13,12,1,5,4,1,1
Te-Lung Isales,LAD,RP,0,0,0,0,0,0,0,0,0,0,0,0,1.1,2,1,0,0,2,0,0
Ricky James,AZ,CL,0,0,0,0,0,0,0,0,0,0,0,0,1.2,2,1,0,0,0,0,0
Conner Janiak,PHI,SP,0,0,0,0,0,0,0,0,0,0,0,0,9.0,7,5,1,0,4,0,1
T.J. Jennings,SD,SP,0,0,0,0,0,0,0,0,0,0,0,0,8.0,2,7,1,1,1,0,0
William Johnson,SAC,RP,0,0,0,0,0,0,0,0,0,0,0,0,1.2,1,1,0,0,0,0,0
Nathan Johnston,ATL,RP,0,0,0,0,0,0,0,0,0,0,0,0,2.2,2,2,1,0,1,0,0
Eli Jones,BOS,CL,0,0,0,0,0,0,0,0,0,0,0,0,4.0,3,3,0,1,1,0,0
Martius Joustra,SLC,CL,0,0,0,0,0,0,0,0,0,0,0,0,2.0,3,2,0,1,3,1,0
Johnny Kaizu,POR,3B,18,4,4,0,0,0,2,0,0,0,0,0,0.0,0,0,0,0,0,0,0
Worm Kaplun,BOI,CL,0,0,0,0,0,0,0,0,0,0,0,0,3.0,3,1,0,1,1,0,0
Zach Kasky,BOI,RP,0,0,0,0,0,0,0,0,0,0,0,0,2.1,0,2,0,0,0,0,0
Gene Kaumeyer,BOS,SP,0,0,0,0,0,0,0,0,0,0,0,0,5.0,3,6,0,3,6,0,0
Dave Kaylor,AZ,RP,0,0,0,0,0,0,0,0,0,0,0,0,4.0,3,4,0,1,0,0,0
Zach Kelley,NYY,RP,0,0,0,0,0,0,0,0,0,0,0,0,1.1,1,3,0,0,0,0,0
Kyle Kennedy,MIN,RP,0,0,0,0,0,0,0,0,0,0,0,0,1.1,0,3,0,1,0,0,0
August Kinstler,SD,RP,0,0,0,0,0,0,0,0,0,0,0,0,3.0,2,1,0,1,3,0,0
Owen Kline,MIL,SP,0,0,0,0,0,0,0,0,0,0,0,0,8.1,4,7,1,5,4,1,0
Chitomi Kobayashi,STL,RP,0,0,0,0,0,0,0,0,0,0,0,0,0.1,0,1,0,0,0,0,0
Don Kogan,SFS,RP,0,0,0,0,0,0,0,0,0,0,0,0,2.1,1,2,0,0,0,0,0
Rand Konopasek,ATL,RP,0,0,0,0,0,0,0,0,0,0,0,0,8.0,9,6,0,1,3,0,0
Patrick Konstantinyan,NYY,SP,0,0,0,0,0,0,0,0,0,0,0,0,7.2,12,7,1,1,3,0,0
Kevin Kosov,TBG,SP,0,0,0,0,0,0,0,0,0,0,0,0,11.0,7,16,1,8,2,0,0
Chevy Kraft,TOR,SP,0,0,0,0,0,0,0,0,0,0,0,0,4.0,3,7,0,5,1,0,0
Tony Kraker,DCN,RP,0,0,0,0,0,0,0,0,0,0,0,0,7.1,3,5,0,2,1,0,0
Raymell Kress,KC,SP,0,0,0,0,0,0,0,0,0,0,0,0,4.2,1,6,0,6,3,1,0
John Lambert,CIN,RP,0,0,0,0,0,0,0,0,0,0,0,0,1.0,2,2,0,0,2,0,0
Lane Lane,SFS,SP,0,0,0,0,0,0,0,0,0,0,0,0,1.0,0,4,0,1,1,0,0
B.J. Langley,NYY,SP,0,0,0,0,0,0,0,0,0,0,0,0,16.0,10,24,0,9,9,0,0
Steven Lara,KC,RP,0,0,0,0,0,0,0,0,0,0,0,0,1.2,0,1,0,0,2,0,0
Christian Larkings,AZ,C,20,5,5,0,0,0,0,4,0,0,0,0,0.0,0,0,0,0,0,0,0
Angel Lassalle,NOLA,RP,0,0,0,0,0,0,0,0,0,0,0,0,1.2,2,2,0,1,1,0,0
Dominique Leclerc,MIL,RP,0,0,0,0,0,0,0,0,0,0,0,0,3.0,2,6,0,5,0,1,0
Andrew Lee,CLT,SP,0,0,0,0,0,0,0,0,0,0,0,0,7.2,4,5,0,4,5,0,0
Sid LeGrand,TOR,RP,0,0,0,0,0,0,0,0,0,0,0,0,2.1,1,1,0,0,1,0,0
Eric Lemley,CIN,RP,0,0,0,0,0,0,0,0,0,0,0,0,5.1,6,8,0,4,3,1,0
Chad Levey,AZ,SP,0,0,0,0,0,0,0,0,0,0,0,0,13.2,11,13,0,4,6,0,0
Ayden Levy,COL,SP,0,0,0,0,0,0,0,0,0,0,0,0,8.0,7,8,0,4,4,0,1
Ed Levy,SFS,SP,0,0,0,0,0,0,0,0,0,0,0,0,8.1,4,8,0,4,3,0,0
Rich Lewis,AZ,RF,3,1,1,0,0,0,1,0,0,0,0,0,0.0,0,0,0,0,0,0,0
Nate London,KC,C,19,5,4,1,0,0,2,1,0,0,0,0,0.0,0,0,0,0,0,0,0
Faustino Loya,BAL,CL,0,0,0,0,0,0,0,0,0,0,0,0,3.0,1,4,1,1,3,0,0
Franklin Loya,SFS,RP,0,0,0,0,0,0,0,0,0,0,0,0,1.2,0,3,0,1,2,0,0
Matt Lucas,BOI,RP,0,0,0,0,0,0,0,0,0,0,0,0,2.0,0,1,1,0,2,0,0
Amaru Luthra,MTL,SP,0,0,0,0,0,0,0,0,0,0,0,0,6.2,10,5,1,2,3,1,0
Vinny MacIver,PIT,SP,0,0,0,0,0,0,0,0,0,0,0,0,6.0,6,4,0,1,3,0,0
Tomasso Maes,AZ,RP,0,0,0,0,0,0,0,0,0,0,0,0,0.1,0,0,0,0,0,0,0
H.P. Maginot,POR,RP,0,0,0,0,0,0,0,0,0,0,0,0,4.0,5,4,0,2,3,0,0
Aires Magoma,TEX,2B,23,4,4,0,0,0,1,0,0,0,0,0,0.0,0,0,0,0,0,0,0
Ezio Maini,MTL,RP,0,0,0,0,0,0,0,0,0,0,0,0,5.1,3,9,0,3,0,0,0
Noah Maiyosi,MIA,SP,0,0,0,0,0,0,0,0,0,0,0,0,6.1,4,5,0,3,2,0,0
Ric Maldonado,NYY,RP,0,0,0,0,0,0,0,0,0,0,0,0,1.0,0,1,0,0,1,0,0
Sebastián Marquez,CLE,SP,0,0,0,0,0,0,0,0,0,0,0,0,4.1,0,7,0,5,3,1,0
Noah Mars,HOU,SP,0,0,0,0,0,0,0,0,0,0,0,0,6.1,5,8,0,5,2,0,0
Olan Marshall,CIN,SP,0,0,0,0,0,0,0,0,0,0,0,0,3.0,3,3,0,3,3,0,0
Ignacia Martines,POR,RP,0,0,0,0,0,0,0,0,0,0,0,0,5.0,2,4,0,2,2,0,0
Joel Martinez,MIN,RP,0,0,0,0,0,0,0,0,0,0,0,0,1.0,0,0,0,0,0,0,0
Mason Master,TBG,SP,0,0,0,0,0,0,0,0,0,0,0,0,12.0,12,15,2,6,7,1,0
Fabrice Mathiez,POR,RP,0,0,0,0,0,0,0,0,0,0,0,0,3.0,3,3,0,0,1,0,0
Marat Matveyev,CLE,RP,0,0,0,0,0,0,0,0,0,0,0,0,0.1,0,1,0,0,0,0,0
N.C. May,NOLA,SS,20,3,3,0,0,0,2,0,0,0,0,0,0.0,0,0,0,0,0,0,0
R.J. Mayo,CIN,RP,0,0,0,0,0,0,0,0,0,0,0,0,8.0,7,9,0,3,1,0,0
Todd McCluskey,PIT,SP,0,0,0,0,0,0,0,0,0,0,0,0,3.2,1,8,0,6,3,0,0
Myles McCormack,NOLA,RP,0,0,0,0,0,0,0,0,0,0,0,0,1.1,1,2,0,0,0,0,0
T.J. McCormick,VAN,SP,0,0,0,0,0,0,0,0,0,0,0,0,7.2,4,11,0,5,2,0,0
Patrick McKeane,TOR,RP,0,0,0,0,0,0,0,0,0,0,0,0,1.1,1,1,0,0,0,0,0
C.J. McLaughlin,NOLA,RP,0,0,0,0,0,0,0,0,0,0,0,0,3.2,1,4,0,0,2,0,0
Lou McNulty,SLC,RP,0,0,0,0,0,0,0,0,0,0,0,0,3.2,4,2,0,0,1,0,0
Johnny Mealamu,NYM,SP,0,0,0,0,0,0,0,0,0,0,0,0,17.2,12,16,1,8,8,0,0
Prospero Mejia,SLC,2B,19,5,3,1,0,1,3,3,0,1,0,0,0.0,0,0,0,0,0,0,0
Ethan Messbarger,NYM,RP,0,0,0,0,0,0,0,0,0,0,0,0,2.0,2,2,0,0,0,0,0
Kevin Messer,CHC,RP,0,0,0,0,0,0,0,0,0,0,0,0,1.0,3,0,0,0,2,0,0
Russ Minton,SD,SP,0,0,0,0,0,0,0,0,0,0,0,0,10.1,16,14,1,11,7,2,0
Eric Mirenda,PIT,RP,0,0,0,0,0,0,0,0,0,0,0,0,1.1,1,0,0,0,2,0,0
Archie Moghan,DCN,SP,0,0,0,0,0,0,0,0,0,0,0,0,7.1,9,8,1,2,0,1,0
Zahman Mohammed,CLT,RP,0,0,0,0,0,0,0,0,0,0,0,0,2.0,2,2,0,0,2,0,0
Tyrone Moise,SD,RP,0,0,0,0,0,0,0,0,0,0,0,0,6.0,6,11,0,4,3,0,0
Aaron Molina,KC,RP,0,0,0,0,0,0,0,0,0,0,0,0,1.2,1,0,0,0,0,0,0
Cade Molnar,BOS,RP,0,0,0,0,0,0,0,0,0,0,0,0,3.1,2,3,0,4,3,0,0
Inigo Montes,CIN,SP,0,0,0,0,0,0,0,0,0,0,0,0,4.1,2,4,0,1,0,1,0
Ryder Moring,STL,RP,0,0,0,0,0,0,0,0,0,0,0,0,1.1,1,1,0,0,0,0,0
Vic Mullock,HOU,SP,0,0,0,0,0,0,0,0,0,0,0,0,10.0,7,21,0,11,1,0,0
Alejandro Murguia,NOLA,RP,0,0,0,0,0,0,0,0,0,0,0,0,1.0,2,0,0,0,0,0,0
Evan Myers,SLC,SP,0,0,0,0,0,0,0,0,0,0,0,0,13.2,6,15,1,1,6,1,0
Luukas Mäkinen,SEA,RP,0,0,0,0,0,0,0,0,0,0,0,0,1.1,1,1,0,1,2,1,0
Alfred Möller,NYY,RP,0,0,0,0,0,0,0,0,0,0,0,0,2.0,3,0,0,0,1,0,0
Gabriel Najera,VAN,RP,0,0,0,0,0,0,0,0,0,0,0,0,1.0,1,2,0,1,0,0,0
Mathis Nault,SLC,RP,0,0,0,0,0,0,0,0,0,0,0,0,1.2,1,1,0,0,1,0,0
Jorge Navarro,ATL,SP,0,0,0,0,0,0,0,0,0,0,0,0,17.0,10,9,1,3,4,2,0
Neftali Navidad,TBG,RP,0,0,0,0,0,0,0,0,0,0,0,0,4.2,0,3,0,3,5,0,0
Roddie Neher,PHI,RP,0,0,0,0,0,0,0,0,0,0,0,0,2.0,0,0,0,0,1,0,0
Corbin Nicholl,STL,RP,0,0,0,0,0,0,0,0,0,0,0,0,1.2,0,4,0,5,2,1,0
Isaiah Nolan,MIN,RP,0,0,0,0,0,0,0,0,0,0,0,0,2.2,2,3,0,0,0,0,0
John Olsen,MIA,CL,0,0,0,0,0,0,0,0,0,0,0,0,3.0,3,4,0,2,1,0,0
Libby Ortiz,CIN,SP,0,0,0,0,0,0,0,0,0,0,0,0,8.1,5,3,1,1,2,0,0
Edward Owen,SLC,RP,0,0,0,0,0,0,0,0,0,0,0,0,3.1,2,3,0,2,0,0,0
Andy Owens,HOU,SS,28,5,4,0,0,1,3,5,0,0,0,0,0.0,0,0,0,0,0,0,0
Niles Pagan,MTL,SP,0,0,0,0,0,0,0,0,0,0,0,0,16.2,12,16,1,3,4,0,1
Gennady Palchin,MTL,SP,0,0,0,0,0,0,0,0,0,0,0,0,1.0,0,7,0,11,4,1,0
Nehemiah Parker,PIT,RP,0,0,0,0,0,0,0,0,0,0,0,0,0.1,0,0,0,0,1,0,0
William Parris,AZ,SP,0,0,0,0,0,0,0,0,0,0,0,0,3.2,1,15,0,14,5,0,0
Andrea Pasciuti,SEA,CL,0,0,0,0,0,0,0,0,0,0,0,0,3.0,2,2,1,1,3,0,0
Kent Patterson,LAD,SP,0,0,0,0,0,0,0,0,0,0,0,0,9.0,5,4,1,1,4,1,1
Andy Paulin,SLC,RP,0,0,0,0,0,0,0,0,0,0,0,0,2.0,2,7,0,3,1,0,0
Jeff Pavone,DCN,SP,0,0,0,0,0,0,0,0,0,0,0,0,2.2,1,3,0,1,0,0,0
Arnoso Paz,SD,RP,0,0,0,0,0,0,0,0,0,0,0,0,2.0,2,0,0,0,0,0,0
Ademar Pendon,CHC,RP,0,0,0,0,0,0,0,0,0,0,0,0,1.0,1,0,0,0,0,0,0
Santiago Perez,CLE,RP,0,0,0,0,0,0,0,0,0,0,0,0,1.1,1,2,0,0,0,0,0
Dave Perico,BOS,1B,29,9,8,0,0,1,5,3,0,0,0,0,0.0,0,0,0,0,0,0,0
Ted Pernadas,BOI,RP,0,0,0,0,0,0,0,0,0,0,0,0,4.2,3,1,0,0,1,0,0
Jeremy Perrin,ATL,CL,0,0,0,0,0,0,0,0,0,0,0,0,5.0,2,0,1,0,0,0,0
Cosme Peña,POR,SP,0,0,0,0,0,0,0,0,0,0,0,0,13.1,10,12,1,2,6,0,0
Billy Piecuch,HOU,CL,0,0,0,0,0,0,0,0,0,0,0,0,3.0,3,2,0,0,0,0,0
Luís Pillado,PHI,SP,0,0,0,0,0,0,0,0,0,0,0,0,13.2,11,6,2,6,10,2,0
Jac Pisano,CLT,RF,19,6,5,0,0,1,2,1,0,0,1,0,0.0,0,0,0,0,0,0,0
Danny Powers,STL,CL,0,0,0,0,0,0,0,0,0,0,0,0,2.2,0,6,1,5,2,0,0
Caballero Prado,BAL,SP,0,0,0,0,0,0,0,0,0,0,0,0,6.0,3,5,1,1,4,0,0
Matthew Prescott,NYM,SP,0,0,0,0,0,0,0,0,0,0,0,0,13.1,12,15,0,12,6,2,0
Esa Pyrrö,LAD,SP,0,0,0,0,0,0,0,0,0,0,0,0,16.0,11,10,2,4,3,1,1
Abdesselem Pytel,LAD,RP,0,0,0,0,0,0,0,0,0,0,0,0,0.1,0,1,0,0,0,0,0
Justin Radford,BOS,3B,12,1,1,0,0,0,0,0,0,0,0,2,0.0,0,0,0,0,0,0,0
Doug Radovanovic,CIN,CL,0,0,0,0,0,0,0,0,0,0,0,0,2.1,1,1,0,0,1,0,0
Elisnegar Ramirez,TEX,RP,0,0,0,0,0,0,0,0,0,0,0,0,1.0,1,1,0,0,1,0,0
Amadei Ramírez,KC,SP,0,0,0,0,0,0,0,0,0,0,0,0,8.2,6,4,1,0,4,0,0
Enes Rapier,COL,SP,0,0,0,0,0,0,0,0,0,0,0,0,5.2,5,7,0,4,5,0,0
Ouranos Raya,MTL,SP,0,0,0,0,0,0,0,0,0,0,0,0,13.2,9,17,2,8,4,0,0
Joshua Reese,POR,RP,0,0,0,0,0,0,0,0,0,0,0,0,4.1,4,2,0,1,1,0,0
Giovanni Rendon,NYM,SP,0,0,0,0,0,0,0,0,0,0,0,0,5.2,9,7,0,4,7,0,0
Gaudencio Reyes,MIN,RP,0,0,0,0,0,0,0,0,0,0,0,0,1.0,0,0,0,0,0,0,0
Heath Reyes,BOI,SP,0,0,0,0,0,0,0,0,0,0,0,0,8.0,5,9,0,5,3,0,1
Wilson Reyes,DCN,SS,21,2,2,0,0,0,1,1,0,0,0,0,0.0,0,0,0,0,0,0,0
Kurt Reynolds,PHI,CL,0,0,0,0,0,0,0,0,0,0,0,0,3.0,1,5,0,0,1,0,0
Willy Reynolds,SD,RP,0,0,0,0,0,0,0,0,0,0,0,0,3.0,1,2,0,0,1,0,0
A.J. Richards,SAC,RP,0,0,0,0,0,0,0,0,0,0,0,0,1.2,0,0,0,0,0,0,0
Timothy Richards,TEX,SP,0,0,0,0,0,0,0,0,0,0,0,0,7.2,3,5,1,0,0,0,0
Zach Risley,BOS,SP,0,0,0,0,0,0,0,0,0,0,0,0,14.1,9,10,1,6,8,1,0
Harvey Rivard,LAD,RP,0,0,0,0,0,0,0,0,0,0,0,0,0.1,0,0,0,0,1,0,0
Manuel Rivas,MIN,RP,0,0,0,0,0,0,0,0,0,0,0,0,0.2,1,2,0,2,1,0,0
A.J. Robinson,SD,SP,0,0,0,0,0,0,0,0,0,0,0,0,8.0,4,4,0,1,2,1,0
Andres Rodriguez,MIN,RP,0,0,0,0,0,0,0,0,0,0,0,0,3.1,2,11,0,5,0,0,0
T.J. Rodriguez,TOR,LF,25,9,7,1,0,1,2,5,0,0,0,0,0.0,0,0,0,0,0,0,0
Brett Roland,NOLA,SP,0,0,0,0,0,0,0,0,0,0,0,0,7.0,5,8,0,5,2,0,0
Wayne Roma,CHC,CL,0,0,0,0,0,0,0,0,0,0,0,0,3.2,3,3,0,0,0,0,0
Montae Roman,MTL,RP,0,0,0,0,0,0,0,0,0,0,0,0,1.1,2,0,0,0,0,0,0
Matthew Rosado,ABQ,RP,0,0,0,0,0,0,0,0,0,0,0,0,3.0,2,2,0,0,0,1,0
Bastien Rousseau,COL,RP,0,0,0,0,0,0,0,0,0,0,0,0,0.1,0,1,0,0,0,0,0
Bryce Rukingi,AZ,SP,0,0,0,0,0,0,0,0,0,0,0,0,9.0,6,7,1,2,1,2,1
Manny Ryan,TOR,CL,0,0,0,0,0,0,0,0,0,0,0,0,1.2,1,5,0,3,1,0,0
Robbie Samuel,VAN,RP,0,0,0,0,0,0,0,0,0,0,0,0,0.1,0,1,0,1,0,0,0
Claude San Filippo,PIT,SP,0,0,0,0,0,0,0,0,0,0,0,0,5.2,3,2,1,0,5,0,0
Martin Sanabria,CHC,2B,33,10,7,3,0,0,2,2,0,0,1,0,0.0,0,0,0,0,0,0,0
Nicolas Sanchez,AZ,RP,0,0,0,0,0,0,0,0,0,0,0,0,2.1,2,3,0,2,0,0,0
Pepe Sanchez,MIN,SP,0,0,0,0,0,0,0,0,0,0,0,0,7.2,4,7,1,2,1,0,0
Sal Sanchez,DET,SP,0,0,0,0,0,0,0,0,0,0,0,0,14.0,10,6,0,3,6,0,0
Mat Santana,VAN,1B,18,7,4,3,0,0,3,3,0,0,1,0,0.0,0,0,0,0,0,0,0
Dustin Santillan,PIT,RF,19,5,5,0,0,0,2,3,0,0,0,0,0.0,0,0,0,0,0,0,0
Rick Sater,SEA,SP,0,0,0,0,0,0,0,0,0,0,0,0,6.0,7,8,1,1,4,0,0
Kazuho Sato,STL,RP,0,0,0,0,0,0,0,0,0,0,0,0,2.0,0,2,0,0,2,0,0
Raymond Saunders,SFS,SP,0,0,0,0,0,0,0,0,0,0,0,0,2.2,0,3,0,2,1,1,0
Ash Savela,CLT,RP,0,0,0,0,0,0,0,0,0,0,0,0,3.1,3,2,0,0,0,0,0
Jon Schlaf,HOU,SP,0,0,0,0,0,0,0,0,0,0,0,0,14.1,10,10,2,2,6,0,0
Ben Schlomowitsch,CLT,RP,0,0,0,0,0,0,0,0,0,0,0,0,1.2,1,3,0,0,2,0,0
Jerry Schull,ATL,SP,0,0,0,0,0,0,0,0,0,0,0,0,6.0,5,5,1,2,2,0,0
Dustin Scott,PHI,RP,0,0,0,0,0,0,0,0,0,0,0,0,3.0,3,0,0,0,0,0,0
Lachlan Scott,DCN,SP,0,0,0,0,0,0,0,0,0,0,0,0,4.2,2,3,0,6,4,2,0
Nikica Sentic,SAC,RP,0,0,0,0,0,0,0,0,0,0,0,0,3.0,2,1,0,0,0,0,0
Frank Sewell,MIA,RP,0,0,0,0,0,0,0,0,0,0,0,0,3.1,3,1,0,0,0,0,0
Pierce Shaker,NYY,RP,0,0,0,0,0,0,0,0,0,0,0,0,1.0,2,1,0,0,0,0,0
Micah Sheehy,SD,RP,0,0,0,0,0,0,0,0,0,0,0,0,1.0,1,3,0,2,0,0,0
Ilyas Sheikh,SLC,RP,0,0,0,0,0,0,0,0,0,0,0,0,1.1,0,5,0,3,0,0,0
Slider Shelby,SD,RP,0,0,0,0,0,0,0,0,0,0,0,0,0.2,1,1,0,0,0,1,0
Brodie Shivers,SAC,SP,0,0,0,0,0,0,0,0,0,0,0,0,5.0,3,6,1,2,4,0,0
Shawn Shultz,CIN,RP,0,0,0,0,0,0,0,0,0,0,0,0,4.2,8,2,0,1,1,0,0
Bert Sironi,BOS,RP,0,0,0,0,0,0,0,0,0,0,0,0,1.1,1,0,0,0,3,0,0
Elenore Skipworth,CIN,RP,0,0,0,0,0,0,0,0,0,0,0,0,5.0,3,9,0,6,3,0,0
Bob Smith,LAD,C,22,10,9,1,0,0,5,3,0,0,0,1,0.0,0,0,0,0,0,0,0
Martin Smith,DET,CL,0,0,0,0,0,0,0,0,0,0,0,0,3.2,6,3,0,1,0,0,0
Roddy Smyth,MIL,SP,0,0,0,0,0,0,0,0,0,0,0,0,12.0,5,18,1,7,3,1,0
Hank Souder,CLE,RP,0,0,0,0,0,0,0,0,0,0,0,0,3.2,2,2,0,0,0,0,0
Llewellyn Stablein,NYY,SP,0,0,0,0,0,0,0,0,0,0,0,0,15.0,13,11,1,5,3,1,0
Carter Stamper,STL,C,18,7,7,0,0,0,1,2,0,0,0,0,0.0,0,0,0,0,0,0,0
Hadrian Staniszewski,DCN,RP,0,0,0,0,0,0,0,0,0,0,0,0,4.2,1,2,0,0,2,0,0
Ross Steiner,MIN,SP,0,0,0,0,0,0,0,0,0,0,0,0,5.0,3,6,0,3,4,0,0
Dan Stern,MIA,2B,18,2,2,0,0,0,0,0,0,1,0,0,0.0,0,0,0,0,0,0,0
GOLIATH STETSON III,BOS,SP,0,0,0,0,0,0,0,0,0,0,0,0,15.1,15,15,2,5,5,0,0
Leys Steward,NOLA,SP,0,0,0,0,0,0,0,0,0,0,0,0,2.2,2,5,0,6,3,0,0
Bob Stickradt,ABQ,SP,0,0,0,0,0,0,0,0,0,0,0,0,15.0,9,18,0,5,4,0,1
Joshua Stockey,HOU,SP,0,0,0,0,0,0,0,0,0,0,0,0,10.0,2,20,0,11,9,1,0
Konrad Stumpe,STL,RP,0,0,0,0,0,0,0,0,0,0,0,0,2.0,1,1,0,1,2,0,0
Tracy Sullivan,MIL,SP,0,0,0,0,0,0,0,0,0,0,0,0,13.1,9,24,0,12,6,0,0
Kasper Sveinsson,ABQ,SP,0,0,0,0,0,0,0,0,0,0,0,0,17.1,8,13,2,4,3,1,1
Osdani Syms,SAC,RP,0,0,0,0,0,0,0,0,0,0,0,0,1.2,1,2,0,0,0,0,0
Takaaki Takizawa,TOR,SP,0,0,0,0,0,0,0,0,0,0,0,0,8.0,8,7,1,3,4,1,0
Cedric Tamba,HOU,RP,0,0,0,0,0,0,0,0,0,0,0,0,3.2,2,3,0,3,2,0,0
Tamoto Taulealo,KC,SP,0,0,0,0,0,0,0,0,0,0,0,0,14.2,14,13,1,2,6,0,0
Yago Tavares,SFS,RP,0,0,0,0,0,0,0,0,0,0,0,0,6.0,2,9,0,4,0,0,0
Ashton Taylor,HOU,RP,0,0,0,0,0,0,0,0,0,0,0,0,2.2,3,3,1,2,1,0,0
Chrischen Temple,NYM,RP,0,0,0,0,0,0,0,0,0,0,0,0,1.0,0,2,1,1,1,0,0
John Terrell,CHC,RP,0,0,0,0,0,0,0,0,0,0,0,0,4.0,2,0,0,0,0,0,0
Ryan Testerman,HOU,RP,0,0,0,0,0,0,0,0,0,0,0,0,4.1,3,2,0,1,3,0,0
Julien Thomas,NYM,RP,0,0,0,0,0,0,0,0,0,0,0,0,4.1,4,4,1,2,0,1,0
Dorsey Thompson,DET,SP,0,0,0,0,0,0,0,0,0,0,0,0,5.2,4,10,0,5,6,0,0
Leonard Thurman,NOLA,SP,0,0,0,0,0,0,0,0,0,0,0,0,13.2,5,18,1,8,10,0,0
Jonas Togba,NYM,RP,0,0,0,0,0,0,0,0,0,0,0,0,5.2,4,9,0,1,1,0,0
Neville Torres,MIN,RP,0,0,0,0,0,0,0,0,0,0,0,0,0.2,0,0,0,0,0,0,0
Pascal Tovar,CHC,RP,0,0,0,0,0,0,0,0,0,0,0,0,1.0,1,2,0,2,1,0,0
Fremont Tubbs,TEX,RP,0,0,0,0,0,0,0,0,0,0,0,0,4.0,4,2,0,0,0,0,0
Matt Twymon,SLC,RP,0,0,0,0,0,0,0,0,0,0,0,0,3.1,4,1,0,0,1,1,0
Ulises Urena,BOI,RP,0,0,0,0,0,0,0,0,0,0,0,0,3.0,2,2,0,0,0,1,0
Gerardo Valentin,TBG,CL,0,0,0,0,0,0,0,0,0,0,0,0,3.0,2,1,0,0,1,0,0
Dani van der Meulen,VAN,SP,0,0,0,0,0,0,0,0,0,0,0,0,4.1,1,6,0,0,1,1,0
Jae-yoon Van Laarhoven,NOLA,RF,18,5,4,0,0,1,1,4,0,0,0,0,0.0,0,0,0,0,0,0,0
Jorge Vargas,VAN,RP,0,0,0,0,0,0,0,0,0,0,0,0,0.1,0,1,0,1,1,0,0
Manuel Vega,SEA,SP,0,0,0,0,0,0,0,0,0,0,0,0,15.1,15,12,1,6,7,0,1
Juan Sebastián Velez,SAC,CL,0,0,0,0,0,0,0,0,0,0,0,0,8.1,6,11,0,6,2,0,0
Pacho Velez,NYM,1B,9,2,2,0,0,0,1,1,0,0,1,0,0.0,0,0,0,0,0,0,0
Benjamin Veneman,COL,SP,0,0,0,0,0,0,0,0,0,0,0,0,15.2,8,11,1,4,7,0,1
J.C. Villescas,CHC,SP,0,0,0,0,0,0,0,0,0,0,0,0,13.1,3,26,0,10,3,1,0
Gabe Vitoria,DET,LF,24,3,2,1,0,0,3,0,0,0,0,1,0.0,0,0,0,0,0,0,0
Willy Voigts,MIL,CL,0,0,0,0,0,0,0,0,0,0,0,0,1.2,1,2,0,0,0,0,0
E.J. Volkers,PIT,RP,0,0,0,0,0,0,0,0,0,0,0,0,2.1,3,3,0,3,0,0,0
Silvester Vos,VAN,RP,0,0,0,0,0,0,0,0,0,0,0,0,2.0,1,4,0,2,2,0,0
Jason Walcott,CIN,RP,0,0,0,0,0,0,0,0,0,0,0,0,5.0,2,5,0,4,4,0,0
Fraser Walker,POR,RP,0,0,0,0,0,0,0,0,0,0,0,0,0.2,0,2,0,2,1,0,0
Justin Walker,TBG,SP,0,0,0,0,0,0,0,0,0,0,0,0,13.1,11,16,1,6,5,0,0
Win Walker,CHC,SP,0,0,0,0,0,0,0,0,0,0,0,0,6.1,5,11,0,3,3,1,0
Oscar Wallace,NYM,CL,0,0,0,0,0,0,0,0,0,0,0,0,4.2,4,5,0,5,5,0,0
Cam Walsh,SLC,SP,0,0,0,0,0,0,0,0,0,0,0,0,13.1,4,18,1,5,5,0,0
John Weiner,CHC,RP,0,0,0,0,0,0,0,0,0,0,0,0,2.1,2,4,0,1,1,0,0
Lee Wentland,SAC,RP,0,0,0,0,0,0,0,0,0,0,0,0,1.0,1,0,0,0,0,0,0
Steve Westfall,CLE,RP,0,0,0,0,0,0,0,0,0,0,0,0,2.1,1,2,0,0,1,0,0
Ryan Wiley,SLC,SP,0,0,0,0,0,0,0,0,0,0,0,0,6.1,3,9,0,6,2,1,0
Jon Wills,BAL,RP,0,0,0,0,0,0,0,0,0,0,0,0,0.1,0,0,0,0,0,0,0
Athen Wilson,BOI,SS,25,5,5,0,0,0,3,2,0,0,0,0,0.0,0,0,0,0,0,0,0
Freddy Wilson,TOR,SP,0,0,0,0,0,0,0,0,0,0,0,0,17.0,11,15,1,7,5,1,2
Jason Wilson,CHC,RP,0,0,0,0,0,0,0,0,0,0,0,0,2.2,0,3,0,0,2,0,0
Randy Wilson,MIA,RP,0,0,0,0,0,0,0,0,0,0,0,0,0.1,0,1,0,0,4,0,0
Jason Wolfe,VAN,SP,0,0,0,0,0,0,0,0,0,0,0,0,7.0,4,7,1,2,4,0,0
Menas Worthington,PHI,RP,0,0,0,0,0,0,0,0,0,0,0,0,1.1,0,4,0,1,0,0,0
Gery Wortman,DET,SP,0,0,0,0,0,0,0,0,0,0,0,0,7.1,3,3,1,1,5,0,0
Grant Wright,PIT,RP,0,0,0,0,0,0,0,0,0,0,0,0,2.0,2,1,0,0,0,0,0
J.R. Wright,STL,SP,0,0,0,0,0,0,0,0,0,0,0,0,14.2,16,11,0,3,5,0,0
Darby Yach,SD,CL,0,0,0,0,0,0,0,0,0,0,0,0,2.0,2,5,1,2,0,0,0
Gabe Yonish,BAL,RP,0,0,0,0,0,0,0,0,0,0,0,0,1.1,1,0,0,0,0,0,0
Moses Yonkers,SFS,SP,0,0,0,0,0,0,0,0,0,0,0,0,2.2,0,4,0,3,0,0,0
Billy Young,MIA,RP,0,0,0,0,0,0,0,0,0,0,0,0,0.2,2,1,0,3,2,0,0
Adrián Zaragoza,COL,1B,21,4,3,0,0,1,1,6,0,0,0,0,0.0,0,0,0,0,0,0,0
Mochi Zavada,CLE,SP,0,0,0,0,0,0,0,0,0,0,0,0,15.2,11,13,0,8,4,0,0
Zihni Çölasan,NOLA,RP,0,0,0,0,0,0,0,0,0,0,0,0,0.1,0,1,0,0,1,0,0
