Name,TM,AVG,OBP,SLG,HR,PA,BABIP,BB%,SO%,BB,HP,AB,SF,RBI,R,SB,WPA,1B,2B,3B,CON,POW,EYE
Renato Feliz,San Francisco,.302,.319,.500,16,342,.301,2.6,12.6,9,2,324,7,66,47,6,2.13,66,16,0,7,7,4
Aleksandr Kuznetsov,Detroit,.261,.361,.377,6,330,.324,13.3,22.1,44,3,276,7,32,37,5,-0.45,52,14,0,6,7,7
E.J. Bernardo,Vancouver,.322,.414,.440,5,355,.350,11.5,11.0,41,10,298,6,52,34,13,1.44,73,16,2,8,6,6
Aaron Dean,Salt Lake,.241,.312,.368,10,330,.269,9.4,19.4,31,2,291,6,37,30,0,-1.87,53,7,0,6,6,6
Jake Mota,Seattle,.301,.370,.519,13,238,.299,10.5,14.7,25,1,206,6,39,33,17,0.62,44,4,1,7,7,5
Desi Quinones,Minnesota,.245,.406,.324,5,399,.269,21.3,11.8,85,2,306,6,34,58,8,1.58,61,9,0,7,6,9
Ragnar Warthman,Montreal,.260,.329,.334,5,395,.299,9.6,15.9,38,1,350,6,24,52,9,-1.88,75,11,0,6,6,7
Jamie Abbey,Toronto,.280,.333,.409,9,327,.291,8.0,11.6,26,0,296,5,37,37,0,-0.42,63,11,0,7,7,5
Morgan Robichaud,Charlotte,.296,.364,.419,9,330,.329,10.3,16.1,34,0,291,5,45,36,2,0.38,68,9,0,7,7,6
Sam Robichaux,St. Louis,.253,.282,.396,11,348,.264,3.7,14.1,13,2,328,5,39,49,6,-0.43,61,8,3,7,6,5
Armando Rodriguez,Tampa Bay,.256,.308,.392,10,364,.274,6.9,14.6,25,2,332,5,38,39,6,-0.32,60,15,0,7,6,5
Aiman Barhoumi,Minnesota,.256,.415,.446,14,369,.265,20.1,14.1,74,6,285,4,58,49,2,2.44,47,12,0,6,8,9
Al Caramagno,Milwaukee,.220,.312,.300,4,372,.258,11.0,16.9,41,4,323,4,32,40,14,-0.50,54,12,1,7,6,7
Ray Clay,Boise,.202,.266,.260,2,286,.246,7.3,19.9,21,3,258,4,17,22,0,-2.40,42,7,1,5,6,5
Liam DiMarco,Salt Lake,.218,.289,.313,6,318,.249,7.5,17.9,24,6,284,4,31,20,0,-2.29,48,7,1,7,7,5
Rudy Echevarria,Minnesota,.210,.275,.267,3,291,.254,6.9,19.9,20,5,262,4,27,22,0,-1.90,46,6,0,7,6,5
Nanto Funderburg,Jacksonville,.313,.327,.586,7,107,.296,2.8,14.0,3,1,99,4,24,14,0,0.46,19,4,1,7,6,4
Patrick Gardner,Arizona,.305,.343,.480,8,277,.329,5.1,14.1,14,3,256,4,48,38,4,0.41,53,13,4,6,6,5
Alejandro Gonzalez,Arizona,.263,.301,.368,4,226,.273,5.8,9.7,13,0,209,4,24,21,1,-1.28,42,8,1,7,6,5
Vlad Konkov,Houston,.257,.317,.387,8,281,.297,7.1,20.3,20,4,253,4,39,36,2,0.72,48,9,0,7,7,6
David Lara,Seattle,.258,.303,.390,4,175,.248,6.3,5.7,11,1,159,4,19,18,1,0.22,28,9,0,7,5,5
Christian Larkings,Arizona,.273,.317,.373,5,271,.306,6.3,15.5,17,1,249,4,40,28,2,0.37,55,6,2,7,5,5
Fernendo Minjarez,Milwaukee,.237,.318,.356,5,223,.275,9.9,19.7,22,3,194,4,29,23,0,-0.00,34,6,1,6,6,5
Otis Ramírez,Montreal,.271,.350,.380,7,334,.295,10.8,13.5,36,2,292,4,41,26,0,0.93,61,11,0,7,6,7
Mat Santana,Vancouver,.254,.296,.363,6,277,.284,5.1,16.6,14,3,256,4,24,23,0,-2.03,50,8,1,7,7,4
Dustin Santillan,Pittsburgh,.277,.342,.386,5,228,.300,8.3,13.6,19,3,202,4,24,31,6,-0.29,44,7,0,7,6,6
Dan Stern,Miami,.222,.272,.356,7,261,.229,5.7,13.4,15,3,239,4,33,22,6,-0.72,37,7,2,6,6,5
Jozef Wilder,Milwaukee,.291,.385,.466,15,395,.300,13.7,12.4,54,0,337,4,56,49,10,2.69,69,14,0,7,7,6
Jack Alford,Colorado,.306,.375,.447,11,360,.347,9.2,16.9,33,4,320,3,49,41,6,1.62,76,10,1,7,7,5
Steve Amaya,Chicago,.278,.367,.434,11,365,.286,12.1,10.7,44,2,316,3,30,36,0,0.06,63,12,2,7,6,7
Kendy Antoine,Charlotte,.265,.337,.369,7,356,.310,9.8,18.3,35,1,317,3,37,48,5,0.40,67,8,2,6,6,6
Gabriel Axe,Texas,.275,.321,.387,4,156,.327,6.4,21.8,10,1,142,3,18,15,2,-1.03,31,4,0,6,6,6
Jordi Bhola,Atlanta,.274,.401,.390,7,297,.364,17.2,25.3,51,2,241,3,33,42,4,0.92,52,7,0,5,7,8
Joel Bolio,Charlotte,.295,.349,.445,14,387,.314,6.7,14.2,26,5,353,3,63,45,0,2.15,79,11,0,7,7,5
Gabriel Bonilla,St. Louis,.233,.329,.397,9,298,.252,12.4,16.4,37,1,257,3,36,34,4,-0.48,37,13,1,7,6,6
Steve Brinkman,Cincinnati,.292,.348,.400,3,135,.311,7.4,12.6,10,2,120,3,15,15,0,-0.52,29,2,1,7,7,5
Jimmy Brossard,Montreal,.236,.340,.303,5,368,.303,12.5,22.8,46,5,314,3,33,28,2,-1.80,63,6,0,6,6,7
Jacques Bédard,Albuquerque,.258,.401,.455,12,307,.255,18.9,11.4,58,2,244,3,40,36,5,0.77,40,10,1,7,8,8
Tod Cepeda,Washington,.261,.348,.329,0,408,.307,11.0,13.7,45,4,356,3,24,46,27,-0.21,73,16,4,8,4,6
Min-Hu Choi,Milwaukee,.224,.309,.306,6,346,.256,11.3,17.1,39,0,304,3,32,36,2,-0.92,56,5,1,7,6,6
Trinidad Cisneros,San Diego,.328,.351,.388,1,74,.350,4.1,12.2,3,1,67,3,9,7,0,-0.53,20,1,0,7,6,6
Jonah Crane,Minnesota,.350,.384,.565,10,216,.382,5.1,16.7,11,2,200,3,28,32,2,1.26,48,11,1,6,7,5
James Cross,New York,.286,.421,.390,4,195,.336,19.5,17.4,38,0,154,3,27,21,3,0.40,36,4,0,7,6,7
Van Daly,Seattle,.253,.306,.313,1,111,.304,7.2,19.8,8,1,99,3,16,11,0,-0.56,21,3,0,7,7,5
Jonathan Dupeyron,Sacramento,.255,.281,.406,8,224,.280,3.1,19.2,7,2,212,3,26,26,1,-1.23,40,4,2,7,7,4
Cyrus Edwards,San Diego,.314,.441,.491,13,395,.369,18.2,18.2,72,2,318,3,45,62,5,2.01,71,15,1,7,8,8
Davey Escobedo,Arizona,.315,.377,.439,7,385,.353,8.6,13.8,33,3,346,3,38,46,4,-0.61,83,16,3,7,7,5
Zach Evans,New Orleans,.314,.376,.413,2,194,.335,9.8,9.3,19,0,172,3,26,13,0,0.39,41,11,0,7,6,5
Jeff Figueredo,Baltimore,.277,.326,.351,5,353,.308,6.2,13.3,22,3,325,3,29,31,3,-2.43,78,5,2,7,6,5
Archie Grissom,Portland,.268,.307,.369,5,339,.329,4.1,21.2,14,5,317,3,32,36,3,-1.66,66,11,3,7,6,4
Blake Hall,New York,.279,.345,.358,1,426,.327,8.9,14.3,38,2,383,3,32,48,9,1.05,84,17,5,7,5,6
Aitor Heredia,Albuquerque,.290,.392,.389,8,383,.316,13.6,12.3,52,4,324,3,51,38,0,1.22,78,8,0,8,6,6
Ryan Holcomb,New York,.287,.364,.433,12,349,.300,10.3,12.9,36,3,307,3,60,39,0,1.03,67,9,0,7,7,5
Ivica Ivkovic,Colorado,.272,.362,.330,3,320,.304,12.5,12.2,40,1,276,3,25,23,2,-0.56,65,7,0,7,5,6
Joe Johnson,Texas,.241,.273,.384,10,260,.254,4.6,17.3,12,0,245,3,34,29,1,-1.41,44,5,0,7,7,5
Kent Karon,Albuquerque,.291,.377,.379,6,353,.324,12.2,13.3,43,1,306,3,35,32,0,0.59,75,7,1,7,6,6
Rowan Kendrick,Baltimore,.239,.311,.368,12,347,.241,9.5,12.7,33,1,310,3,42,28,3,-1.36,58,4,0,7,6,6
Hudson King,Kansas City,.258,.358,.307,1,358,.304,13.4,14.2,48,1,306,3,26,39,12,0.21,66,12,0,7,4,7
Rich Lewis,Charlotte,.289,.304,.405,4,181,.307,2.2,12.2,4,1,173,3,23,18,0,-0.29,38,8,0,6,7,4
Eduardo Lisbey,Portland,.225,.292,.278,1,233,.275,8.6,18.9,20,1,209,3,26,16,0,-0.84,38,8,0,7,5,5
Kaiden Lynch,San Francisco,.263,.327,.397,6,275,.282,6.9,12.7,19,6,247,3,38,21,3,-0.01,47,9,3,6,6,5
Sammy Mackey,Detroit,.197,.295,.268,3,264,.227,12.1,16.3,32,1,228,3,21,14,0,-1.13,35,7,0,7,5,7
Dylan McCoy,Cincinnati,.185,.290,.300,8,314,.232,12.1,26.8,38,3,270,3,29,30,7,-2.18,35,7,0,5,7,6
O.J. McGee,Baltimore,.299,.349,.433,2,109,.321,6.4,12.8,7,2,97,3,17,12,0,0.27,20,7,0,6,6,5
Kirk Oliver,Boise,.290,.396,.430,10,333,.307,14.7,12.3,49,2,279,3,39,43,0,1.38,62,9,0,7,7,7
Ian Paz,Philadelphia,.294,.349,.335,1,344,.323,7.0,9.6,24,4,313,3,22,31,3,-0.50,83,6,2,7,6,5
Mateo Peña,Arizona,.281,.342,.391,5,284,.337,8.1,19.4,23,2,256,3,24,28,11,-0.35,55,11,1,7,5,5
Ricky Pinardi,Washington,.249,.344,.333,5,317,.362,12.0,30.6,38,3,273,3,31,27,4,-1.59,56,6,1,6,6,7
Ludger Poncet,Texas,.259,.353,.417,10,337,.275,12.2,13.9,41,3,290,3,45,32,1,0.85,51,12,2,6,6,7
Bip Pope,Philadelphia,.260,.339,.417,13,375,.262,10.9,11.2,41,0,331,3,49,38,5,-0.38,62,9,2,7,7,6
Sokol Prendi,Montreal,.311,.388,.405,3,400,.356,11.0,13.2,44,2,351,3,32,44,4,0.18,84,20,2,7,5,6
Colt Quintanilla,San Diego,.264,.358,.286,0,109,.300,12.8,12.8,14,1,91,3,12,5,0,0.12,22,2,0,7,6,5
Pablo Rascon,Philadelphia,.280,.388,.477,14,363,.300,12.9,15.4,47,9,304,3,57,47,4,1.77,53,18,0,7,7,7
Aidan Reuter,Boston,.253,.340,.353,6,332,.296,11.7,18.1,39,1,289,3,28,30,3,0.18,58,7,2,6,7,6
Matias Rodriguez,New York,.264,.397,.364,4,421,.331,18.1,19.0,76,1,341,3,30,56,4,0.67,65,20,1,7,6,7
Davis Sachs,Washington,.283,.373,.442,9,279,.312,11.1,16.1,31,5,240,3,44,23,0,0.15,48,11,0,6,7,5
Jacinto Sandoval,Kansas City,.252,.358,.355,5,310,.302,14.5,18.7,45,0,262,3,30,34,2,1.04,49,12,0,7,6,6
James Schoning,Kansas City,.216,.284,.255,1,116,.247,9.5,16.4,11,0,102,3,13,4,0,0.10,20,1,0,7,7,5
Dogancan Selâniki,New York,.272,.361,.438,14,410,.292,12.4,14.9,51,0,356,3,61,49,0,2.48,67,15,1,7,6,6
P.J. Sepulveda,Kansas City,.246,.323,.358,9,393,.275,9.2,16.0,36,5,349,3,43,45,8,0.31,66,10,1,7,6,5
Bob Smith,Los Angeles,.254,.302,.317,4,308,.294,5.8,16.9,18,3,284,3,28,33,1,-2.68,62,6,0,7,6,5
Justin Tarnowski,Los Angeles,.301,.396,.445,9,374,.340,13.1,15.2,49,3,319,3,37,42,1,0.57,70,15,2,7,7,7
Trent Tee,Arizona,.295,.425,.352,0,134,.330,18.7,10.4,25,1,105,3,11,16,0,0.48,25,6,0,6,7,7
Matteo Tortori,Atlanta,.258,.333,.328,2,324,.278,7.7,9.0,25,9,287,3,23,26,2,-0.37,58,14,0,8,5,5
Iason Tsongas,St. Louis,.282,.346,.336,0,312,.326,9.3,13.1,29,0,280,3,21,37,1,-1.53,67,9,3,8,5,5
Benny Velez,Minnesota,.356,.424,.458,5,257,.385,10.1,10.9,26,3,225,3,23,30,1,0.10,67,8,0,7,6,5
Vincenzo Vitiello,Washington,.209,.308,.283,5,299,.251,11.4,20.4,34,4,258,3,27,20,0,-1.21,45,4,0,7,6,7
Kyndon Walker,Tampa Bay,.207,.332,.296,4,337,.219,15.4,9.5,52,2,280,3,16,31,3,-1.30,44,7,3,7,6,7
Artie Wallace,Houston,.304,.398,.466,12,392,.357,13.5,18.9,53,1,335,3,59,52,1,1.78,72,18,0,7,7,6
Bobby Warren,Kansas City,.287,.376,.386,6,399,.332,12.3,15.5,49,2,345,3,45,48,1,-0.59,77,16,0,7,7,6
Pete Waugh,Sacramento,.214,.271,.318,5,347,.247,7.2,17.6,25,1,318,3,24,39,6,-1.38,46,16,1,6,6,5
Gaman Weston,Round Rock,.164,.215,.224,2,237,.200,5.1,21.1,12,3,219,3,16,13,4,-1.09,28,5,1,7,5,4
Rudy Abshire,Washington,.221,.299,.303,4,274,.242,9.1,12.8,25,3,244,2,21,18,5,-0.89,43,6,1,7,5,6
Ocheme Afolabi,Pittsburgh,.289,.350,.426,5,226,.310,8.8,11.9,20,0,204,2,33,20,2,0.05,41,13,0,8,6,6
Garcia Alajandrez,Down East,.266,.306,.363,6,265,.308,4.2,18.5,11,4,248,2,23,23,2,-0.67,55,4,1,7,6,4
Adam Anderson,Kansas City,.294,.384,.429,6,268,.337,12.7,16.0,34,1,231,2,27,42,3,0.24,52,7,3,7,6,6
Graham Babcock,Miami,.248,.337,.402,9,291,.278,12.0,18.2,35,0,254,2,31,32,3,0.18,43,10,1,6,6,7
Andy Bagley,Arizona,.274,.349,.366,6,393,.315,9.2,15.3,36,5,350,2,24,52,16,-0.66,76,14,0,7,6,6
Jared Bennett,Philadelphia,.221,.249,.252,1,237,.280,3.8,21.9,9,0,226,2,17,24,8,-2.28,45,4,0,5,5,5
Bobby Booysen,Indianapolis,.292,.424,.458,1,33,.300,21.2,15.2,7,0,24,2,5,6,0,0.55,5,1,0,6,6,6
Marcel Cardona,Miami,.220,.301,.289,5,362,.281,9.1,23.2,33,5,322,2,31,33,2,-2.14,60,5,1,6,7,5
Clint Casavant,Toronto,.304,.388,.375,2,340,.348,11.5,12.6,39,3,296,2,27,43,0,0.27,73,15,0,7,5,6
Tom Center,Vancouver,.206,.296,.352,7,189,.223,10.6,20.6,20,2,165,2,24,17,1,-0.36,24,3,0,6,7,5
Nolberto Cepero,Cincinnati,.240,.333,.300,1,60,.256,8.3,13.3,5,3,50,2,8,4,0,0.26,11,0,0,6,6,5
Robert Cheng,San Diego,.263,.312,.334,4,317,.289,6.6,12.0,21,1,293,2,41,29,3,1.14,64,9,0,7,6,6
Tommy Clark,Atlanta,.270,.307,.352,4,287,.309,3.8,15.7,11,4,270,2,24,33,16,-1.82,60,8,1,6,6,4
C.J. D'Acquisto,Minnesota,.263,.347,.381,4,222,.348,10.4,25.7,23,3,194,2,25,24,0,-0.25,37,9,1,5,6,6
Samet Daiu,Texas,.235,.323,.279,2,368,.294,11.4,19.3,42,1,323,2,13,21,7,-3.44,66,8,0,7,6,6
Ethan DeAlba,Toronto,.290,.378,.490,17,386,.307,12.2,15.3,47,2,335,2,60,60,2,1.62,64,16,0,7,7,7
Alexis Delegorsa,Charlotte,.247,.299,.299,1,107,.287,7.5,16.8,8,0,97,2,13,5,0,0.21,21,2,0,7,6,6
Pierino Della Robbia,Vancouver,.231,.311,.317,3,119,.269,10.1,21.0,12,1,104,2,11,10,1,-0.47,21,0,0,6,7,7
Howard Dunlap,Miami,.249,.294,.422,15,310,.260,5.5,18.4,17,2,289,2,41,39,4,-0.05,52,5,0,6,7,5
Joe Eagle,Chicago,.265,.353,.342,4,252,.314,9.9,17.9,25,6,219,2,22,26,6,0.11,49,5,0,6,6,5
Dalmacio Echave,Colorado,.278,.388,.278,0,67,.306,14.9,10.4,10,1,54,2,4,8,0,0.49,15,0,0,6,7,5
Emre Ergin,Charlotte,.292,.348,.349,3,348,.324,7.8,11.2,27,1,318,2,28,39,2,-1.71,81,9,0,8,4,6
Steve Frier,Miami,.197,.289,.271,2,232,.213,10.3,10.8,24,3,203,2,16,18,0,-0.98,29,9,0,6,6,6
Virgil Furlong,Cincinnati,.233,.315,.284,1,330,.290,9.7,18.8,32,4,292,2,23,28,11,-0.08,55,12,0,6,5,6
Woody Gallagher,Cleveland,.317,.385,.392,2,343,.375,8.5,15.5,29,6,306,2,17,31,1,-0.48,78,17,0,7,6,6
Valentín Gamez,Amarillo,.246,.293,.311,2,181,.283,6.6,16.0,12,0,167,2,20,16,0,-1.05,34,5,0,7,6,5
Arnaldo García,Boise,.276,.326,.398,8,276,.315,6.5,18.5,18,2,254,2,34,26,1,-0.34,55,7,0,6,6,5
Virgil Gibb,Baltimore,.237,.333,.312,4,249,.257,12.4,12.0,31,1,215,2,16,21,2,-0.78,43,4,0,7,6,6
Carson Godoy,St. Louis,.191,.291,.298,3,110,.208,12.7,19.1,14,0,94,2,12,10,0,-1.19,14,1,0,6,6,6
Jordan Gomez,Salt Lake,.298,.354,.428,7,237,.311,7.6,11.4,18,2,215,2,28,26,1,0.78,50,7,0,7,7,5
Spartak Gonchar,Seattle,.244,.305,.338,5,338,.290,7.7,18.9,26,2,308,2,27,37,8,-1.39,57,12,1,6,6,6
Troy Gowdy,Detroit,.296,.373,.360,2,287,.358,9.8,17.1,28,4,253,2,31,17,2,0.55,63,10,0,7,5,5
Max Guzman,Vancouver,.296,.361,.416,10,371,.350,8.4,19.4,31,4,334,2,50,34,0,0.45,79,10,0,7,7,5
Samuel Gómez,Washington,.203,.297,.285,7,377,.260,11.1,24.9,42,3,330,2,22,44,9,-1.70,54,6,0,6,6,6
Kyu-soo Huysee,Arizona,.257,.312,.332,4,276,.296,6.9,16.3,19,2,253,2,34,25,11,0.40,55,5,1,7,7,5
Mel Johnson,Detroit,.217,.314,.290,4,334,.246,12.0,14.4,40,2,290,2,23,38,0,-2.15,50,9,0,6,7,7
Scott Johnston,Washington,.280,.367,.417,11,401,.295,10.7,11.5,43,6,350,2,43,46,1,1.70,75,9,3,7,8,5
Johnny Kaizu,Portland,.277,.323,.381,7,365,.347,6.3,22.7,23,1,339,2,45,36,5,-0.16,74,12,1,7,7,5
Tevfik Kaner,Boise,.237,.322,.376,10,326,.232,9.5,8.9,31,6,287,2,47,35,0,-1.00,48,10,0,6,7,5
Logan Kloss,Baltimore,.289,.361,.396,7,399,.314,9.8,11.3,39,2,356,2,35,52,15,0.46,81,13,2,7,6,6
Aricin Krosky,Philadelphia,.143,.219,.214,1,64,.167,7.8,23.4,5,1,56,2,5,4,0,-0.75,6,1,0,6,6,5
Avery Lewis,Toronto,.296,.357,.508,17,395,.289,8.1,8.9,32,3,358,2,59,56,0,2.03,67,19,3,8,7,5
D.J. Lewis,Salt Lake,.250,.323,.346,4,362,.276,8.3,11.9,30,6,324,2,33,32,9,-0.37,61,13,3,8,6,5
Allan Li,San Diego,.268,.331,.356,0,166,.317,9.0,15.1,15,0,149,2,13,18,5,-0.36,28,11,1,7,5,5
Junming Li,Colorado,.227,.272,.280,2,162,.254,6.2,14.8,10,0,150,2,22,17,0,-1.37,30,2,0,7,7,5
Ricardo Lugo,Los Angeles,.264,.370,.327,4,357,.297,13.2,12.6,47,5,303,2,31,33,0,-0.82,69,7,0,6,7,7
D.Y. Madsen,New Orleans,.233,.386,.317,1,153,.265,19.0,12.4,29,2,120,2,11,20,2,-0.03,20,7,0,6,6,7
Joseph Major,New York,.314,.424,.469,13,387,.352,15.8,15.8,61,2,322,2,41,51,6,1.45,77,11,0,7,8,7
Darwin Maldonado,Pittsburgh,.284,.311,.428,7,241,.322,4.1,18.3,10,0,229,2,33,26,4,-0.08,49,6,3,7,6,5
Steve Martin,St. Louis,.315,.381,.423,5,168,.344,10.1,14.3,17,0,149,2,30,19,0,2.04,41,1,0,7,7,6
Kyle Marx,New York,.265,.333,.330,1,360,.341,8.6,21.1,31,3,324,2,20,34,3,-1.88,70,12,3,7,6,5
Sam Mbekile,St. Louis,.328,.413,.469,8,387,.364,12.7,12.7,49,1,335,2,52,51,20,2.53,82,17,3,8,6,7
Francis Mills,Boston,.277,.359,.429,9,329,.295,9.7,12.5,32,6,289,2,38,44,6,-0.11,54,17,0,7,6,6
D.J. Minnie,Pittsburgh,.224,.307,.373,5,153,.240,11.1,17.6,17,0,134,2,17,18,3,-1.00,20,5,0,6,7,6
Árpád Murna,Boise,.262,.339,.433,15,369,.297,9.8,20.6,36,3,328,2,46,45,6,0.76,60,11,0,6,7,5
Huy Nien,Los Angeles,.313,.443,.429,7,366,.346,18.9,11.7,69,1,294,2,48,39,0,1.74,73,11,1,7,7,7
Shola Nweke,Vancouver,.261,.366,.360,6,391,.309,13.3,17.1,52,4,333,2,26,65,52,1.57,67,13,1,7,6,6
Jaime Ormsby,Cincinnati,.276,.333,.362,5,321,.333,8.1,19.3,26,0,293,2,30,29,3,-1.78,67,8,1,7,6,5
Yorgino Plascencia,Chicago,.228,.318,.261,0,107,.259,10.3,12.1,11,2,92,2,10,7,0,-0.01,18,3,0,6,6,6
Abdel-Rahman Procaccini,Cleveland,.311,.346,.405,2,81,.350,6.2,17.3,5,0,74,2,14,7,0,-0.37,20,1,0,6,7,5
Wyatt Rangel,Seattle,.217,.307,.246,0,274,.259,11.7,15.0,32,0,240,2,18,22,2,-0.95,45,7,0,7,6,5
Tim Rausch,Philadelphia,.325,.390,.433,3,269,.373,10.0,14.1,27,0,240,2,29,27,6,1.24,58,17,0,7,6,5
Jim Rolfson,Washington,.272,.311,.374,6,376,.294,5.1,11.4,19,2,353,2,33,32,1,-1.04,74,14,2,7,6,5
Ned Roser,New York,.294,.348,.399,7,250,.323,7.2,14.8,18,2,228,2,23,19,0,-1.04,57,3,0,7,7,5
Travis Roussel,Texas,.226,.283,.377,2,60,.256,6.7,23.3,4,1,53,2,7,10,0,-0.41,8,2,0,6,6,5
Brian Salvato,Montreal,.230,.319,.339,12,417,.262,10.3,19.4,43,6,366,2,51,46,0,-1.34,68,4,0,7,7,6
Claude Santoyo,New York,.242,.299,.333,6,334,.262,7.5,12.6,25,1,306,2,31,40,14,-0.60,60,6,2,7,5,5
Cody Schwandner,Albuquerque,.214,.326,.338,8,313,.247,13.7,19.8,43,2,266,2,27,27,0,-0.16,40,9,0,7,7,6
Joe Sheridan,Milwaukee,.300,.372,.667,13,137,.303,10.2,24.1,14,1,120,2,34,25,2,1.61,19,3,1,5,9,5
Zachariah Sim,St. Louis,.239,.338,.354,7,364,.278,13.2,17.6,48,0,314,2,42,37,8,-1.29,54,13,1,6,6,7
Andres Sisneros,Vancouver,.221,.294,.260,1,313,.266,8.9,16.9,28,2,281,2,25,16,0,-2.35,53,8,0,7,6,5
Turner Slawson,New York,.301,.378,.346,2,328,.341,11.3,12.2,37,0,289,2,43,24,0,-0.87,79,5,1,8,5,5
Bill Smith,Atlanta,.249,.336,.346,5,399,.284,10.0,14.5,40,7,350,2,33,42,10,-0.46,65,15,2,7,6,6
Gelindo Solnar,Toronto,.274,.301,.414,6,196,.290,4.1,13.8,8,0,186,2,32,18,0,-0.51,37,8,0,6,6,5
Hugo Soto,Boston,.295,.409,.407,8,323,.317,16.1,11.8,52,1,268,2,37,26,0,1.24,65,6,0,7,6,6
Andrew Strother,Boise,.249,.305,.344,5,380,.304,7.6,20.0,29,0,349,2,27,39,4,-1.45,66,14,2,7,7,6
Loren Struebing,San Francisco,.305,.369,.410,5,339,.326,9.1,9.4,31,1,305,2,36,50,5,0.28,71,17,0,8,6,5
Ibrahim Sulemanagic,Salt Lake,.290,.371,.355,2,210,.329,10.5,13.3,22,3,183,2,21,20,1,0.47,45,6,0,7,5,5
V.J. Taylor,Detroit,.253,.346,.348,5,338,.307,11.8,19.2,40,3,293,2,21,36,4,-0.10,56,13,0,7,6,7
Tom Tetzlaff,Miami,.298,.354,.509,5,127,.337,7.1,19.7,9,2,114,2,17,13,2,0.83,20,9,0,7,6,5
Zach Trusnik,Chicago,.242,.363,.379,8,386,.264,15.8,13.2,61,1,322,2,40,40,1,-0.91,52,16,2,7,7,7
Julian Tyler,Toledo,.333,.371,.500,0,35,.417,8.6,22.9,3,0,30,2,8,4,0,0.68,6,3,1,6,6,5
Riordan Van Vorce,Staten Island,.327,.383,.458,3,120,.386,8.3,19.2,10,1,107,2,13,12,0,0.40,27,5,0,7,7,5
Sima Viduka,Cincinnati,.282,.337,.352,3,249,.298,7.6,8.4,19,1,227,2,25,22,4,0.10,54,7,0,7,5,5
Júlio Viramontes,Cleveland,.211,.264,.370,14,348,.236,6.9,23.3,24,0,322,2,37,32,2,-0.83,47,5,2,6,7,5
Nelson Wilson,Cleveland,.228,.331,.361,6,236,.268,12.3,20.8,29,3,202,2,28,20,0,-0.10,32,7,1,6,7,7
Rik Yan,Los Angeles,.184,.232,.316,6,164,.198,4.9,22.6,8,2,152,2,15,17,4,-1.38,20,2,0,6,6,4
Mason Adedipe,Portland,.224,.305,.336,1,131,.287,9.9,22.1,13,1,116,1,8,11,0,-1.12,15,10,0,6,7,5
Zlatko Aleksic,San Diego,.290,.365,.355,2,310,.348,10.6,16.5,33,0,276,1,31,40,2,0.77,67,10,1,7,5,6
Yohanny Almonte,Charlotte,.295,.378,.396,7,405,.328,11.9,12.6,48,0,356,1,41,55,11,0.50,85,11,2,7,6,7
Daxton Anderson,Cincinnati,.324,.416,.498,10,320,.348,13.8,12.2,44,0,275,1,24,35,1,0.39,61,18,0,7,6,7
E.J. Anderson,Montreal,.326,.380,.483,12,292,.357,7.5,15.8,22,2,267,1,45,42,5,1.15,69,6,0,7,6,5
Martin Arguelles,Las Vegas,.250,.333,.250,0,6,.250,16.7,16.7,1,0,4,1,1,0,0,0.00,1,0,0,6,6,5
Altan Arif,Wichita,.273,.346,.318,0,26,.316,11.5,15.4,3,0,22,1,3,1,0,-0.14,5,1,0,7,4,5
Samuel Arroyo,Jacksonville,.095,.130,.286,1,23,.062,4.3,21.7,1,0,21,1,2,2,0,-0.48,0,1,0,7,6,5
Todd Atwell,Los Angeles,.291,.348,.397,3,155,.358,7.7,21.3,12,1,141,1,20,20,3,0.20,33,4,1,7,6,7
Billy Aumann,Boise,.246,.303,.261,0,76,.321,6.6,22.4,5,1,69,1,4,3,0,-0.92,16,1,0,6,6,5
Franquelis Avila,Washington,.254,.385,.397,2,78,.275,14.1,14.1,11,3,63,1,11,12,2,1.14,12,1,1,7,6,5
Iñigo Bachelier,Boston,.279,.357,.356,4,263,.318,11.0,14.4,29,0,233,1,21,24,0,-0.64,55,6,0,7,6,5
D.J. Baltzell,Portland,.251,.300,.377,4,180,.295,6.7,19.4,12,0,167,1,18,15,0,-1.25,29,9,0,6,7,5
Bruno Bassani,San Francisco,.260,.340,.332,3,359,.303,10.3,14.8,37,2,319,1,24,39,6,-0.11,69,8,3,7,5,6
Sebastian Bañuelos,Kansas City,.276,.383,.403,6,214,.321,13.6,18.2,29,3,181,1,24,24,3,0.53,39,5,0,7,6,6
A.J. Bennett,Tampa Bay,.255,.319,.327,3,229,.273,5.7,10.0,13,7,208,1,27,19,1,-0.67,44,6,0,7,6,5
Fabrizio Biagini,Seattle,.174,.283,.298,9,272,.237,12.1,33.8,33,3,235,1,26,28,0,-1.59,30,2,0,5,7,7
Antoine Boivin,Salt Lake,.321,.378,.404,4,307,.357,7.5,11.7,23,3,280,1,29,26,1,0.15,75,11,0,7,5,5
Santiago Bonilla,Baltimore,.271,.321,.369,8,365,.297,6.3,13.4,23,2,339,1,33,45,10,-2.00,76,7,1,7,6,5
Penwyn Boucher,Sacramento,.255,.333,.283,0,120,.310,10.8,16.7,13,0,106,1,10,11,2,0.37,24,3,0,7,5,5
Rob Boullaine,Salt Lake,.206,.320,.299,6,353,.306,13.9,32.0,49,2,301,1,25,26,1,-1.37,47,8,1,5,7,6
Andy Bowden,Montreal,.221,.289,.336,4,135,.219,8.1,10.4,11,1,122,1,11,15,1,-0.64,21,2,0,6,7,6
Billy Bridge,-,.191,.277,.333,6,159,.214,10.7,23.9,17,0,141,1,20,19,0,-0.25,19,2,0,5,6,6
P.J. Brinson,Los Angeles,.279,.343,.341,1,230,.326,9.1,14.3,21,0,208,1,20,20,8,-0.03,49,6,2,7,4,7
Wilfredo Brito,Pittsburgh,.276,.306,.434,7,206,.292,2.4,14.1,5,4,196,1,34,29,0,-0.20,37,10,0,7,7,4
Connor Burchard,Pittsburgh,.385,.421,.481,1,57,.422,7.0,12.3,4,0,52,1,7,9,0,-0.12,17,2,0,7,6,6
Alex Burton,Miami,.227,.281,.295,0,96,.282,6.2,18.8,6,1,88,1,6,14,4,-0.30,15,4,1,6,5,5
Jeremy Cahn,Baltimore,.336,.431,.457,2,137,.385,14.6,13.9,20,0,116,1,21,15,1,0.73,30,6,1,6,6,6
Nick Canter,New York,.239,.306,.294,1,121,.272,9.1,14.0,11,0,109,1,11,9,2,-0.77,23,1,1,7,6,6
Long Cao,Toledo,.351,.432,.514,2,44,.344,13.6,9.1,6,0,37,1,6,8,0,0.19,11,0,0,6,7,5
Keith Cap,Rochester,.231,.312,.231,0,16,.300,6.2,25.0,1,1,13,1,1,1,0,-0.66,3,0,0,6,6,5
Billy Carpenter,Colorado,.230,.288,.305,2,260,.262,7.3,13.8,19,1,239,1,20,32,5,-1.05,42,10,1,7,5,5
Harley Carreras,Pittsburgh,.296,.371,.372,2,251,.328,9.6,10.8,24,3,223,1,23,34,11,-0.70,55,7,2,7,6,5
Pablo Castro,Baltimore,.238,.332,.322,3,313,.278,12.5,15.3,39,0,273,1,26,24,8,-1.76,49,12,1,7,5,6
Vito Ceresa,Houston,.278,.367,.318,1,371,.319,11.3,12.1,42,4,324,1,27,43,11,0.05,80,8,1,7,5,6
Kevin Challman,Seattle,.286,.333,.429,1,24,.294,8.3,16.7,2,0,21,1,6,5,1,0.22,5,0,0,6,6,4
Boris Chambers,Texas,.268,.360,.426,13,386,.286,11.1,14.2,43,6,336,1,43,43,9,-0.68,67,6,4,7,7,6
Angel Colina,Boise,.277,.342,.339,1,196,.327,7.7,15.3,15,3,177,1,18,19,0,-0.42,41,6,1,7,5,5
R.J. Coltrane,Montreal,.306,.412,.365,1,102,.397,15.7,21.6,16,0,85,1,14,10,0,0.83,24,0,1,7,6,5
Sandy Cook,Cleveland,.219,.333,.406,1,39,.273,12.8,25.6,5,1,32,1,7,5,0,0.60,4,1,1,6,5,6
Juan Correa,Tampa Bay,.265,.356,.440,6,191,.290,10.5,15.7,20,4,166,1,17,21,7,0.36,29,7,2,6,7,5
Paul Correa,Seattle,.264,.333,.329,3,324,.316,8.3,17.3,27,4,292,1,35,35,19,0.12,65,8,1,6,6,6
Archer Crawford,Milwaukee,.274,.352,.382,4,210,.296,8.1,11.4,17,6,186,1,25,21,0,0.63,39,8,0,6,5,5
Jesús Cuellar,Miami,.251,.301,.314,2,326,.287,6.7,13.5,22,0,303,1,17,34,8,-2.07,63,9,2,8,4,5
Ronnie Cureton,Miami,.342,.416,.422,3,394,.396,9.9,13.5,39,6,348,1,35,40,2,2.22,98,17,1,7,6,6
Bill Currie,Vancouver,.200,.188,.200,0,16,.214,0.0,12.5,0,0,15,1,1,2,0,-0.12,3,0,0,7,7,4
Dee Dee Dailey,Miami,.178,.335,.411,8,161,.195,18.6,28.0,30,1,129,1,19,19,4,-0.33,10,4,1,6,9,7
Marc Day,Trenton,.278,.300,.278,0,20,.294,5.0,10.0,1,0,18,1,4,1,0,0.10,5,0,0,6,6,4
Memphis DeMann,New York,.279,.332,.462,10,214,.296,6.1,16.8,13,3,197,1,30,30,4,0.72,39,6,0,5,7,5
Max Dobias,Pittsburgh,.290,.375,.373,3,291,.329,12.0,12.7,35,0,255,1,30,32,0,0.38,59,12,0,7,6,5
Damir Dragic,Salt Lake,.138,.227,.207,1,66,.212,10.6,37.9,7,0,58,1,3,3,0,-0.72,6,1,0,6,6,6
Jason Dunaway,Oklahoma City,.136,.310,.136,0,29,.167,13.8,17.2,4,2,22,1,2,3,1,0.04,3,0,0,7,5,5
Martin Dupont,Los Angeles,.226,.331,.274,0,124,.324,11.3,26.6,14,3,106,1,10,12,4,0.24,20,3,1,7,5,5
Robby Duske,Biloxi,.200,.292,.286,1,120,.222,10.8,12.5,13,1,105,1,8,15,0,-0.33,15,4,1,7,6,6
Darrien Dziarski,Pittsburgh,.282,.377,.475,15,324,.298,11.7,15.7,38,5,280,1,51,46,0,0.81,56,7,1,7,7,7
Hollywood Escobar,San Francisco,.237,.326,.333,3,178,.333,10.7,29.2,19,2,156,1,23,13,0,-0.78,28,6,0,5,7,6
Santos Escribano,Lehigh Valley,.292,.306,.377,1,134,.330,2.2,13.4,3,0,130,1,17,11,8,-0.08,30,6,1,7,5,5
Charlie Falcon,San Diego,.333,.384,.412,1,112,.379,8.0,13.4,9,0,102,1,9,19,1,-0.24,28,5,0,8,5,5
Donavan Farrell,Tampa Bay,.190,.235,.190,0,68,.255,5.9,25.0,4,0,63,1,7,3,0,-0.16,12,0,0,6,5,7
Ethan Fournier,Houston,.223,.336,.295,3,259,.260,14.7,15.8,38,0,220,1,22,28,6,-0.13,40,5,1,7,5,7
Wally Frey,Boise,.276,.342,.418,9,389,.317,7.2,17.0,28,8,352,1,42,40,6,1.13,65,23,0,7,7,6
Christopher Gaines,Sacramento,.263,.315,.322,3,365,.308,6.6,15.6,24,2,338,1,28,28,0,-2.90,76,9,1,7,5,5
Tom Garabedian,Vancouver,.318,.379,.474,12,388,.353,8.8,14.9,34,1,352,1,48,58,15,1.01,83,15,2,7,8,5
Rio Giancana,New York,.289,.398,.359,3,374,.328,14.7,12.0,55,3,315,1,24,45,13,1.10,77,9,2,7,5,7
Finn Gregory,-,.201,.306,.221,0,173,.248,13.3,16.8,23,0,149,1,8,11,1,-1.83,27,3,0,7,4,7
Carlos Guevarra,Philadelphia,.327,.370,.408,0,54,.364,7.4,11.1,4,0,49,1,6,2,2,0.38,12,4,0,7,6,4
Cole Hall,Los Angeles,.236,.315,.356,10,409,.261,10.0,15.9,41,2,365,1,40,50,6,0.44,62,14,0,7,6,6
Marc Hall,Minnesota,.281,.390,.419,9,367,.310,13.1,13.6,48,8,310,1,41,45,0,1.15,62,16,0,7,6,6
L.J. Hardesty,Albuquerque,.246,.309,.328,1,68,.275,7.4,14.7,5,1,61,1,5,5,0,-0.07,12,2,0,6,6,5
Kane Haywood,Baltimore,.218,.291,.276,3,285,.275,8.8,21.8,25,2,257,1,23,18,0,-2.30,47,6,0,6,6,6
Sergio Hernández,New Orleans,.244,.297,.404,13,337,.304,5.9,27.6,20,4,312,1,54,29,5,-0.51,52,11,0,5,7,5
Andrew Hoyle,San Diego,.276,.320,.397,8,291,.294,5.8,12.7,17,1,272,1,42,29,0,0.75,58,9,0,7,7,6
Jacob Hughes,Atlanta,.259,.340,.364,8,344,.282,10.5,13.4,36,2,305,1,35,45,5,-0.70,64,6,1,7,6,6
K.L. Hurtault,Houston,.266,.324,.433,11,352,.277,8.0,11.9,28,0,323,1,47,39,1,0.01,54,21,0,7,7,5
Miguel Jaimes,Pittsburgh,.275,.390,.332,1,231,.325,13.9,14.3,32,5,193,1,17,27,0,-0.02,44,8,0,6,5,6
Vasil Jakova,Sacramento,.249,.307,.301,0,336,.312,7.1,18.8,24,2,309,1,20,32,14,-0.37,63,12,2,7,3,5
Santiago Jeffries,San Diego,.280,.353,.332,2,300,.344,10.3,18.3,31,0,268,1,23,32,2,-1.00,65,8,0,7,5,6
James Johnson,Washington,.250,.262,.290,1,103,.289,1.9,16.5,2,0,100,1,7,8,1,-1.37,23,1,0,6,7,4
Landon Jones,Colorado,.226,.346,.252,0,321,.272,13.7,14.6,44,6,270,1,16,29,1,-1.83,54,7,0,7,4,7
Jackson Kelley,Albuquerque,.246,.333,.441,17,384,.325,10.7,31.0,41,4,338,1,48,50,8,-0.47,54,9,3,6,7,6
Ray Kendrick,Cleveland,.288,.365,.435,9,293,.322,10.9,16.0,32,0,260,1,32,28,0,0.07,55,11,0,7,7,5
Andrei Khatarin,Kansas City,.211,.315,.303,2,127,.273,11.8,24.4,15,2,109,1,18,10,0,-1.02,17,4,0,7,5,7
Chris Kolasinski,Detroit,.250,.299,.306,1,194,.295,5.2,16.0,10,3,180,1,18,13,0,-1.80,37,7,0,8,5,4
Jaisten Kolson,Tampa Bay,.250,.322,.472,7,121,.233,5.8,13.2,7,5,108,1,18,9,0,-0.23,17,3,0,7,7,5
Nik Kranjc,Somerset,.281,.352,.339,3,250,.323,8.8,14.4,22,3,224,1,24,27,0,0.50,56,4,0,7,5,6
Payton LaBay,Chicago,.283,.356,.405,10,419,.292,10.3,8.8,43,0,375,1,40,48,10,0.38,81,14,1,7,7,6
Christian Langelier,Amarillo,.268,.335,.356,1,227,.314,6.6,14.5,15,6,205,1,18,25,2,-0.53,41,11,2,7,6,6
Lucas Larsen,Cleveland,.281,.354,.393,8,302,.315,7.9,15.6,24,7,270,1,26,25,0,-1.08,62,6,0,7,6,6
Konstantin Lazarou,San Francisco,.251,.355,.304,2,242,.316,14.0,19.8,34,0,207,1,18,15,0,-0.83,45,5,0,7,5,7
Michael Leffew,Los Angeles,.191,.250,.298,6,244,.207,7.4,16.8,18,0,225,1,22,21,0,-1.83,31,6,0,5,7,5
Rico Leos,Portland,.231,.320,.400,3,75,.250,9.3,20.0,7,2,65,1,10,7,0,0.38,10,2,0,7,6,6
Robertin Lewis,San Francisco,.277,.372,.447,6,164,.295,11.6,14.6,19,3,141,1,16,22,2,0.93,28,4,1,7,6,7
Cristian Liguori,Corpus Christi,.233,.293,.293,3,164,.276,7.9,19.5,13,0,150,1,15,12,0,-1.08,32,0,0,7,5,6
Dukie Lochrie,Los Angeles,.280,.329,.375,5,331,.307,6.9,11.8,23,0,307,1,32,43,21,0.50,69,10,2,7,5,5
Nate London,Omaha,.222,.264,.265,1,201,.279,4.5,20.9,9,2,189,1,20,18,0,-0.99,36,5,0,6,6,5
Jesus Loya,Boston,.324,.403,.463,4,124,.356,9.7,14.5,12,3,108,1,21,17,2,0.24,28,3,0,6,6,6
Aires Magoma,Texas,.253,.298,.355,4,178,.290,5.1,18.0,9,2,166,1,15,15,0,-0.98,33,5,0,6,7,5
Gregg Mata,San Francisco,.331,.427,.417,4,354,.378,13.8,12.7,49,2,302,1,31,41,0,1.10,82,14,0,8,6,7
Wayne Mata,Milwaukee,.257,.323,.340,4,331,.305,8.8,17.5,29,1,300,1,28,40,5,-1.08,61,11,1,7,6,5
N.C. May,New Orleans,.238,.349,.287,3,332,.290,13.6,17.8,45,4,282,1,26,37,1,-0.59,59,5,0,7,4,7
Alain Mbvouvouma,Boston,.270,.346,.368,5,353,.302,8.8,13.0,31,6,315,1,28,48,6,-0.37,68,8,4,7,6,5
Tyler McCuen,Sacramento,.286,.367,.408,7,297,.337,10.4,18.2,31,3,262,1,41,27,0,0.35,58,9,1,7,6,5
Del McKinney,San Francisco,.303,.448,.458,6,181,.363,19.3,19.3,35,3,142,1,19,17,1,1.10,33,4,0,7,7,9
Patrick McLamb,Chicago,.258,.320,.400,8,247,.273,8.5,14.2,21,0,225,1,24,27,3,-0.59,44,4,2,7,7,5
Lloyd McNamara,Texas,.273,.340,.379,3,147,.333,7.5,21.1,11,3,132,1,16,13,0,-0.29,29,3,1,6,6,5
Prospero Mejia,Salt Lake,.222,.250,.352,5,184,.241,3.3,16.8,6,1,176,1,21,18,3,-0.72,27,6,1,7,6,5
Rabah Mirchandani,Seattle,.317,.310,.390,0,42,.382,0.0,19.0,0,0,41,1,4,6,5,0.66,10,3,0,7,5,5
Henrique Montes,New Orleans,.146,.182,.220,1,44,.139,4.5,11.4,2,0,41,1,3,3,0,-0.86,5,0,0,6,6,5
Alessandro Monti,Atlanta,.294,.392,.417,6,380,.350,13.2,16.8,50,3,326,1,44,43,5,0.16,70,18,2,7,6,6
Josh Moore,Sacramento,.269,.298,.407,3,114,.306,3.5,18.4,4,1,108,1,16,9,0,-0.29,21,4,1,7,5,5
Arnie Moskal,Tampa Bay,.256,.313,.344,5,310,.279,7.7,11.9,24,0,285,1,31,26,0,-0.29,59,8,1,7,6,5
Rodolfo Mota,Boise,.220,.290,.331,3,131,.240,7.6,15.3,10,2,118,1,13,11,2,-0.21,19,4,0,7,5,5
Andrei Mulligan,Detroit,.254,.331,.299,2,375,.300,9.1,15.2,34,5,335,1,20,34,10,-1.83,74,9,0,7,5,5
Jay Music,Atlanta,.258,.339,.397,6,171,.273,11.1,14.6,19,0,151,1,26,19,0,-0.38,31,1,1,7,6,5
Noah Nagel,San Diego,.262,.334,.406,11,386,.281,9.1,13.5,35,3,347,1,50,57,16,0.84,64,15,1,7,7,5
Billy Lee Nelson,St. Louis,.281,.320,.341,0,284,.333,5.3,15.1,15,1,267,1,25,23,0,-0.96,61,12,2,7,5,5
Griffin Newcombe,Arizona,.239,.375,.310,1,88,.258,18.2,10.2,16,0,71,1,12,7,0,-0.31,14,2,0,7,5,7
Caeden Nichols,Philadelphia,.251,.364,.375,9,335,.270,14.9,13.4,50,1,283,1,33,37,0,0.19,55,6,1,7,7,7
Andy Nissen,Portland,.237,.314,.364,8,283,.292,8.8,24.0,25,4,253,1,34,34,15,0.23,44,8,0,5,7,5
Edric O'Neal,Milwaukee,.245,.309,.388,1,55,.297,9.1,21.8,5,0,49,1,6,7,0,-0.29,8,2,1,7,7,5
Mike Overmier,New York,.336,.415,.453,4,147,.375,10.2,14.3,15,3,128,1,27,24,4,1.69,36,3,0,7,6,6
Andy Owens,Houston,.258,.321,.354,5,196,.277,8.2,13.3,16,1,178,1,23,20,2,0.04,39,2,0,6,6,6
Timmy Page,Minnesota,.254,.340,.391,8,282,.299,11.7,20.2,33,0,248,1,33,37,6,0.52,45,10,0,7,7,6
Timothy Park,Chicago,.285,.360,.397,6,350,.314,9.4,12.3,33,4,312,1,32,41,0,-0.48,67,15,1,7,6,5
Naci Pasa,Milwaukee,.298,.368,.380,6,326,.338,10.1,14.4,33,0,292,1,43,32,6,0.40,76,4,1,7,5,6
Tim Paschke,New Orleans,.279,.381,.412,11,394,.297,14.0,12.2,55,1,337,1,40,59,1,0.41,73,8,2,7,7,7
Kevin Pate,Baltimore,.258,.353,.430,9,215,.271,11.6,15.8,25,3,186,1,20,22,0,0.07,34,5,0,6,7,7
Tristan Patterson,Montreal,.203,.280,.283,5,322,.251,9.3,22.0,30,1,290,1,17,27,9,-2.69,47,6,1,6,6,5
Andrew Payton,Houston,.261,.320,.325,1,172,.328,6.4,20.3,11,3,157,1,15,17,0,-0.34,33,7,0,6,6,5
Ricardo Pedraza,Cincinnati,.201,.253,.259,1,150,.218,5.3,10.0,8,2,139,1,9,6,1,-2.03,22,5,0,8,5,5
Grizzly Perez,Tampa Bay,.272,.319,.406,7,273,.308,5.9,17.2,16,2,254,1,27,39,2,-0.23,50,11,1,6,6,5
Skip Perez,Kansas City,.222,.281,.329,6,274,.244,6.2,15.3,17,4,252,1,35,20,0,-1.11,41,9,0,7,7,5
Dave Perico,Boston,.281,.326,.393,11,384,.324,6.0,18.5,23,1,359,1,40,38,0,-1.58,83,7,0,7,7,5
Aiden Perl,Pittsburgh,.250,.304,.250,0,23,.312,8.7,21.7,2,0,20,1,3,1,0,0.06,5,0,0,6,6,6
Aidan Pfeifer,Montreal,.262,.333,.401,9,264,.282,8.7,15.5,23,3,237,1,28,31,0,0.34,47,6,0,7,7,5
Talip Piek,Toronto,.282,.363,.429,12,325,.321,9.8,18.8,32,5,287,1,44,48,1,1.46,63,6,0,7,7,6
Victor Pineda,New York,.278,.340,.422,10,297,.304,7.7,15.8,23,3,270,1,35,34,3,-0.80,56,9,0,7,5,5
Jac Pisano,Charlotte,.286,.364,.350,2,316,.332,11.1,13.9,35,0,280,1,20,34,7,0.31,68,8,2,7,5,6
Bobby Lee Pisar,Eugene,.227,.321,.378,5,137,.229,9.5,13.9,13,4,119,1,19,13,0,-0.23,20,1,1,7,6,5
Angelo Pozzi,Miami,.333,.356,.377,0,73,.377,4.1,12.3,3,0,69,1,11,8,0,0.07,20,3,0,7,5,6
Tony Rajaonarisoa,Detroit,.259,.323,.407,10,365,.311,8.5,21.6,31,1,332,1,28,40,8,-0.55,59,15,2,7,6,5
Rai Ramos,Tampa Bay,.272,.327,.370,2,101,.287,7.9,10.9,8,0,92,1,14,11,0,-0.05,20,3,0,6,7,6
Nate Reininga,Colorado,.209,.314,.338,9,376,.235,12.2,17.6,46,4,325,1,34,42,1,-0.95,46,11,2,7,7,6
Esteban Reyes,Philadelphia,.205,.238,.359,2,42,.222,2.4,26.2,1,1,39,1,6,4,0,-0.81,6,0,0,6,6,5
Wilson Reyes,Washington,.214,.251,.279,4,295,.258,4.1,20.3,12,2,280,1,19,27,0,-1.02,51,4,1,6,6,4
Soldier Rhodes,Minnesota,.197,.250,.350,5,148,.293,5.4,39.2,8,2,137,1,21,15,3,-1.30,17,4,1,5,7,5
Carlos Rodríguez,Cincinnati,.294,.316,.294,0,19,.312,5.3,10.5,1,0,17,1,3,1,0,0.20,5,0,0,7,5,6
Walter Rubalcava,Atlanta,.304,.359,.417,4,184,.322,6.5,10.3,12,3,168,1,30,19,2,1.28,40,7,0,7,7,4
Catón Ruiz,San Diego,.271,.333,.371,0,78,.311,6.4,12.8,5,2,70,1,13,7,0,0.30,14,3,2,7,6,5
Nelson Ruiz,Boston,.235,.320,.331,6,403,.273,9.7,16.4,39,6,357,1,30,43,2,-0.94,63,14,1,7,5,5
Mark Samsonenko,Seattle,.239,.335,.338,6,337,.309,12.5,24.0,42,1,293,1,33,32,3,-1.09,54,9,1,6,6,6
Mateo Sanz,Vancouver,.234,.297,.287,1,229,.316,7.0,24.9,16,3,209,1,17,22,0,-0.98,40,8,0,7,5,5
Cas Schipper,Portland,.316,.398,.408,2,88,.400,11.4,22.7,10,1,76,1,6,9,3,-0.12,21,1,0,7,5,6
Anthony Scholte,New Orleans,.229,.306,.360,9,288,.248,9.4,16.7,27,2,258,1,38,30,1,-0.82,43,7,0,7,6,5
Agostino Solini,Albuquerque,.211,.311,.251,2,257,.290,12.5,26.1,32,1,223,1,12,24,0,-1.26,42,3,0,6,5,6
Carter Stamper,Memphis,.286,.362,.337,1,224,.333,10.7,13.8,24,0,199,1,17,20,0,-0.77,49,7,0,7,5,5
Josh Stechschulte,Arizona,.283,.356,.452,11,317,.299,7.9,13.2,25,8,283,1,41,44,2,0.97,54,15,0,7,6,5
Jeremiah Stiffler,-,.667,.667,.667,0,6,.500,33.3,0.0,2,0,3,1,1,0,0,0.04,2,0,0,6,6,5
Brahmadya Suri,Sacramento,.095,.167,.238,1,24,.067,8.3,25.0,2,0,21,1,5,2,0,-0.01,1,0,0,6,5,6
Woody Taylor,Colorado,.227,.307,.308,5,371,.248,10.5,12.1,39,0,331,1,27,29,0,-2.47,58,12,0,7,6,5
Michael Tebo,San Diego,.229,.309,.312,1,55,.250,10.9,14.5,6,0,48,1,2,8,1,-0.43,9,1,0,7,5,6
Ned Terrebonne,Toronto,.268,.325,.357,2,123,.329,8.1,21.1,10,0,112,1,12,17,0,-0.51,24,4,0,6,7,5
Brit Thompson,Colorado,.295,.365,.416,2,167,.353,10.2,17.4,17,0,149,1,19,13,2,0.10,33,6,3,5,6,6
Nien Thuan,Newark,.184,.234,.291,3,111,.198,3.6,18.0,4,3,103,1,16,9,4,-0.26,14,2,0,5,7,4
Vo Thuy,Montreal,.182,.257,.318,3,74,.170,8.1,14.9,6,1,66,1,10,6,0,-0.34,9,0,0,6,7,6
Roman Tkachenko,Seattle,.337,.470,.484,8,385,.383,16.6,13.2,64,14,306,1,38,62,20,3.24,76,17,2,7,7,7
Xander Topper,Vancouver,.276,.330,.334,1,351,.314,7.4,12.3,26,1,323,1,24,32,33,-1.04,73,14,1,8,4,5
Justin Tracy,Cleveland,.313,.370,.470,5,127,.323,7.9,11.8,10,1,115,1,18,16,0,1.49,28,3,0,7,6,5
Kraig Troxler,Kansas City,.309,.352,.383,2,247,.350,5.7,13.0,14,2,230,1,22,25,4,-1.44,58,11,0,7,5,5
Christopher Turcotte,Pittsburgh,.275,.342,.359,5,342,.317,8.8,15.5,30,2,309,1,45,32,4,-0.77,70,9,1,7,7,5
Jong-Gyu Twisselman,Sacramento,.285,.383,.448,12,379,.320,12.9,16.4,49,3,326,1,41,42,2,0.89,67,11,3,7,7,6
Sebastian Umanzor,Houston,.283,.372,.416,4,191,.339,12.0,18.8,23,1,166,1,32,20,0,0.64,33,10,0,6,6,6
Kenny Upshaw,Albuquerque,.207,.260,.266,1,312,.231,6.7,11.2,21,0,290,1,23,21,2,-2.24,48,8,3,7,4,5
Eric Valentin,Atlanta,.287,.386,.467,14,422,.323,12.8,16.6,54,5,362,1,43,52,18,0.41,71,15,4,7,7,6
Jae-yoon Van Laarhoven,New Orleans,.320,.357,.454,6,207,.350,4.8,14.0,10,2,194,1,29,21,0,1.41,49,6,1,7,7,4
Santino Villa,Milwaukee,.326,.390,.481,9,385,.339,8.8,8.3,34,3,347,1,37,48,0,0.49,80,21,3,8,7,5
Gabe Vitoria,Detroit,.207,.249,.280,2,261,.234,2.3,13.8,6,8,246,1,18,21,18,-1.57,37,12,0,6,6,4
Travis Vo,Boston,.370,.471,.519,1,34,.429,17.6,17.6,6,0,27,1,4,5,0,0.29,8,1,0,6,6,5
Carson Ward,Baltimore,.263,.323,.325,2,266,.323,7.9,18.8,21,1,243,1,24,17,1,-1.17,54,7,1,7,5,5
Nat Westmore,Milwaukee,.233,.313,.328,2,131,.281,9.9,19.8,13,1,116,1,16,17,1,-0.06,20,5,0,7,6,6
Jamison Wheeler,San Diego,.244,.288,.400,7,267,.261,5.6,13.9,15,1,250,1,28,31,22,-0.68,40,10,4,7,6,5
Jason White,Arkansas,.143,.188,.143,0,16,.154,6.2,12.5,1,0,14,1,2,1,1,-0.36,2,0,0,6,6,6
Athen Wilson,Boise,.234,.277,.338,7,328,.280,5.2,21.3,17,2,308,1,27,31,2,-1.64,55,9,1,6,6,4
Wyatt Yates,Sacramento,.274,.357,.372,4,244,.309,11.5,13.9,28,0,215,1,18,22,2,-0.41,49,3,3,8,6,6
Jeff York,New York,.213,.270,.300,4,163,.214,7.4,9.8,12,0,150,1,21,13,0,-0.55,27,1,0,7,6,5
Adrián Zaragoza,Colorado,.247,.320,.380,9,325,.269,9.2,15.4,30,2,292,1,32,30,1,-1.18,52,10,1,6,7,6
Geechie Abner,New York,.231,.254,.292,1,67,.292,3.0,23.9,2,0,65,0,5,7,0,-1.22,13,1,0,6,6,5
Luis Acosta,St. Paul,.400,.400,.400,0,5,.400,0.0,0.0,0,0,5,0,0,0,0,0.10,2,0,0,7,5,6
Vimael Adames,Tacoma,.000,.000,.000,0,0,.000,0.0,0.0,0,0,0,0,0,0,0,0.00,0,0,0,7,3,6
Frank Adkins,Houston,.250,.351,.312,0,37,.348,13.5,24.3,5,0,32,0,4,4,0,0.10,6,2,0,7,4,6
Silas Adkins,Cincinnati,.000,.000,.000,0,0,.000,0.0,0.0,0,0,0,0,0,0,0,0.00,0,0,0,5,6,4
Min-Yi Afonso,Oklahoma City,.238,.304,.238,0,23,.294,8.7,17.4,2,0,21,0,0,0,0,0.03,5,0,0,7,4,5
José Alcantar,Salt Lake,.400,.400,.400,0,5,.400,0.0,0.0,0,0,5,0,0,1,0,-0.10,2,0,0,7,5,5
Leandro Alcântara,San Francisco,.348,.516,.391,0,31,.471,22.6,19.4,7,1,23,0,4,3,2,0.18,7,1,0,6,7,6
Bill Allely,Toronto,.269,.305,.308,1,82,.339,4.9,22.0,4,0,78,0,10,12,0,0.40,20,0,0,6,7,5
Jonathan Allen,Tulsa,.367,.441,.600,2,34,.375,11.8,11.8,4,0,30,0,8,5,0,-0.23,8,1,0,7,7,5
Sandor Allison,Wisconsin,.000,.000,.000,0,4,.000,0.0,50.0,0,0,4,0,0,0,0,-0.04,0,0,0,5,4,4
Salvador Almazan,Minnesota,.271,.360,.335,2,214,.306,10.3,12.1,22,4,188,0,21,19,1,-0.59,43,6,0,7,6,6
Joel Almonte,Charlotte,.270,.333,.459,8,174,.302,8.6,20.1,15,0,159,0,28,21,0,0.25,30,4,1,6,7,5
Seong-Woo Andersen,Seattle,.240,.296,.400,4,108,.328,7.4,32.4,8,0,100,0,17,14,2,0.05,17,2,1,5,7,6
Ximeno Anguiano,Sacramento,.171,.286,.343,9,210,.224,11.4,35.2,24,5,181,0,21,28,0,-1.28,18,4,0,6,7,6
Sammy Ansong,Baltimore,.238,.342,.281,1,243,.283,11.1,14.8,27,6,210,0,17,25,0,-0.38,44,4,1,7,5,7
Joe Anthony,New Orleans,.235,.288,.324,1,73,.250,2.7,9.6,2,3,68,0,4,4,0,-0.06,12,3,0,6,6,4
Santiago Arbizo,Rocket City,.000,.000,.000,0,0,.000,0.0,0.0,0,0,0,0,0,0,0,0.00,0,0,0,5,3,4
Erik Arias,Sacramento,.000,.000,.000,0,0,.000,0.0,0.0,0,0,0,0,0,0,0,0.00,0,0,0,7,6,5
Niazi Armbruster,Portland,.138,.263,.231,2,76,.152,13.2,22.4,10,1,65,0,6,8,0,-0.96,7,0,0,6,7,6
David Armstrong,Cedar Rapids,.226,.293,.283,0,58,.293,8.6,20.7,5,0,53,0,1,6,0,-0.00,10,1,1,6,6,5
Ediño Arteaga,Montreal,.228,.345,.327,3,119,.247,10.9,14.3,13,5,101,0,12,9,0,0.29,19,1,0,6,7,5
Dave Auseklis,Toronto,.252,.317,.400,8,230,.259,8.3,12.2,19,1,210,0,28,36,0,0.05,38,7,0,6,7,5
Mark Bacon,St. Louis,.000,1.000,.000,0,1,.000,100.0,0.0,1,0,0,0,0,0,0,0.00,0,0,0,6,6,5
Jason Bailey,St. Louis,.000,.000,.000,0,0,.000,0.0,0.0,0,0,0,0,0,0,0,0.00,0,0,0,6,6,5
Mike Bailey,Portland,.285,.390,.356,5,313,.317,12.8,12.1,40,6,267,0,23,37,2,0.38,67,4,0,7,6,7
Val Bailey,New Orleans,.177,.244,.204,1,123,.216,7.3,19.5,9,1,113,0,6,9,0,-0.62,19,0,0,6,6,5
Leandro Bastos,Atlanta,.237,.336,.428,10,223,.286,11.2,26.0,25,4,194,0,30,27,1,0.10,29,7,0,6,7,6
Nicholas Bates,Atlanta,.251,.372,.355,9,390,.281,15.4,14.9,60,3,327,0,29,35,0,-0.69,66,7,0,7,6,8
Heath Baudelaire,Somerset,.271,.340,.271,0,53,.295,5.7,7.5,3,2,48,0,7,4,0,0.00,13,0,0,8,6,5
Claus Baxter,Miami,.219,.276,.305,4,163,.259,5.5,21.5,9,3,151,0,15,18,3,-1.18,28,1,0,6,6,5
Gray Beach,Boise,.250,.333,.250,0,18,.308,11.1,16.7,2,0,16,0,0,2,0,-0.10,4,0,0,7,6,6
Peyton Beam,St. Louis,.262,.314,.338,0,70,.304,7.1,12.9,5,0,65,0,8,9,2,-0.38,12,5,0,8,5,5
Michael Beckett,Sacramento,.247,.299,.284,1,174,.312,6.3,20.7,11,1,162,0,11,10,2,-1.06,36,3,0,7,6,5
Declan Bengry,Santa Fe,.000,.000,.000,0,0,.000,0.0,0.0,0,0,0,0,0,0,0,0.00,0,0,0,7,5,5
Larry Berg,Philadelphia,.265,.357,.364,4,311,.302,10.0,13.8,31,8,272,0,21,38,6,0.67,56,9,3,7,5,5
Felix Bernier,Mississippi,.233,.343,.367,1,35,.250,14.3,14.3,5,0,30,0,2,2,0,-0.20,5,1,0,7,5,6
Roberto Bessi,Charlotte,.284,.403,.363,4,350,.333,16.3,14.6,57,1,292,0,29,40,2,0.36,68,11,0,7,6,8
Cal Betterly,Batavia,.200,.200,.800,1,5,.000,0.0,20.0,0,0,5,0,1,1,0,0.03,0,0,0,6,6,5
Josiah Beyer,Charlotte,.176,.263,.353,1,19,.154,10.5,15.8,2,0,17,0,2,3,0,0.06,2,0,0,6,6,7
Abdul-Wahhab Bialota,Jacksonville,.333,.385,.333,0,13,.444,7.7,23.1,1,0,12,0,0,1,0,-0.05,4,0,0,6,6,5
Alden Blair,Fort Wayne,.667,.667,.667,0,3,.667,0.0,0.0,0,0,3,0,1,0,0,0.02,2,0,0,6,5,5
Sherman Bonin,St. Louis,.214,.279,.375,2,61,.204,8.2,8.2,5,0,56,0,5,5,0,-0.15,8,1,1,6,6,6
Chester Bonney,Sacramento,.250,.357,.250,0,14,.429,14.3,35.7,2,0,12,0,1,2,0,0.07,3,0,0,6,7,5
James L. Boxer,Minnesota,.000,1.000,.000,0,1,.000,100.0,0.0,1,0,0,0,0,0,0,0.00,0,0,0,6,7,5
Brian Bridges,Houston,.242,.342,.348,2,152,.273,12.5,13.2,19,1,132,0,16,13,0,0.03,24,4,2,7,6,6
Connor Brown,Minnesota,.253,.284,.348,7,285,.290,4.2,18.2,12,0,273,0,28,28,3,-0.98,57,5,0,7,6,4
Dan Brown,Washington,.225,.324,.427,5,102,.224,12.7,16.7,13,0,89,0,14,12,2,-0.75,12,3,0,7,6,7
Jivin Brown,Worcester,.169,.239,.262,3,142,.207,7.7,24.6,11,1,130,0,15,9,1,-1.41,16,3,0,6,6,5
Jeremy Budzynski,Chicago,.208,.288,.302,1,59,.278,10.2,27.1,6,0,53,0,5,6,1,-0.37,8,2,0,7,6,5
Richard Burruel,Biloxi,.000,1.000,.000,0,1,.000,100.0,0.0,1,0,0,0,0,0,0,0.00,0,0,0,7,4,6
Luka Caktas,Miami,.211,.280,.231,0,161,.282,8.1,23.0,13,1,147,0,7,15,0,-1.22,28,3,0,6,5,6
Matt Callen,Baltimore,.179,.281,.214,0,32,.227,12.5,18.8,4,0,28,0,4,1,0,-0.33,4,1,0,6,6,5
Fred Cameron,Pittsburgh,.500,.500,.625,0,8,.800,0.0,37.5,0,0,8,0,1,1,0,0.19,3,1,0,7,6,6
Keletso Campbell,Charlotte,.308,.379,.423,1,58,.341,10.3,12.1,6,0,52,0,3,5,1,-0.33,13,1,1,8,5,5
Diego Cardoso,Washington,.229,.333,.393,7,162,.260,10.5,22.8,17,5,140,0,22,14,0,0.75,23,2,0,7,6,5
Luigi Carraro,Atlanta,.242,.345,.326,1,110,.286,10.9,15.5,12,3,95,0,12,8,0,-0.44,18,3,1,7,5,6
Diogo Carvalho,New York,.245,.332,.297,2,259,.290,11.6,15.8,30,0,229,0,14,18,0,-0.58,48,6,0,6,6,7
Elliot Castillo,Reno,.227,.320,.273,0,25,.294,12.0,20.0,3,0,22,0,1,2,0,0.12,4,1,0,6,6,6
Tom Caviness,Boise,.000,.000,.000,0,1,.000,0.0,100.0,0,0,1,0,0,0,0,-0.04,0,0,0,7,6,5
Morris Chariton,Marquette,.333,.353,.439,1,68,.356,2.9,8.8,2,0,66,0,9,8,0,-0.47,17,4,0,7,6,5
Fathlul Charnow,Houston,.271,.353,.386,3,187,.304,9.6,13.4,18,3,166,0,20,22,4,0.03,33,8,1,7,5,5
Edmilson Chavez,Washington,.312,.353,.375,0,17,.385,5.9,17.6,1,0,16,0,1,1,0,-0.18,4,1,0,6,6,5
Diego Maria Chesteen,Jacksonville,.176,.243,.412,2,37,.167,8.1,21.6,3,0,34,0,5,6,0,-0.58,2,2,0,6,7,5
Brody Chestnut,Minnesota,.192,.300,.256,1,90,.255,12.2,24.4,11,1,78,0,5,6,0,-1.32,12,2,0,5,7,5
Waylon Chiappetta,Washington,.175,.283,.250,1,46,.182,8.7,13.0,4,2,40,0,3,4,1,-0.26,6,0,0,6,6,5
Guy Collins,New York,.323,.405,.400,1,74,.385,10.8,16.2,8,1,65,0,7,9,0,0.27,18,2,0,7,6,7
Alex Colon,Newark,.312,.450,.500,1,20,.364,15.0,20.0,3,1,16,0,4,4,0,0.38,4,0,0,6,7,5
Sergio Colon,Baltimore,1.000,1.000,1.000,0,1,1.000,0.0,0.0,0,0,1,0,0,1,0,0.00,1,0,0,5,4,5
Mohammed Comas,Miami,.000,.000,.000,0,0,.000,0.0,0.0,0,0,0,0,0,0,0,0.00,0,0,0,6,5,5
Pete Conner,-,.250,.500,.250,0,6,.250,33.3,0.0,2,0,4,0,1,0,0,-0.03,1,0,0,7,4,7
Pelayo Cordero,Grand Junction,.206,.386,.206,0,44,.241,22.7,11.4,10,0,34,0,2,1,0,0.17,7,0,0,7,5,5
Roland Coreto,Colorado,.290,.322,.393,1,264,.324,3.4,11.0,9,3,252,0,31,25,13,-1.09,53,15,4,7,4,4
Prospero Cosenza,Detroit,.248,.362,.342,3,138,.366,15.2,31.2,21,0,117,0,13,11,0,0.10,24,2,0,5,7,7
Eton Craggs,Washington,1.000,1.000,1.000,0,1,1.000,0.0,0.0,0,0,1,0,0,0,0,0.00,1,0,0,7,3,7
Allen Creamer,Salt Lake,.246,.348,.296,1,164,.283,10.4,12.8,17,5,142,0,8,11,0,-1.58,30,4,0,7,6,6
Benedito Crespo,Miami,.281,.378,.363,3,312,.327,11.5,14.1,36,6,270,0,39,27,0,1.00,60,13,0,7,6,5
Neifi Creus,Cleveland,.197,.266,.311,8,267,.238,8.2,25.5,22,1,244,0,17,27,0,-1.30,37,2,1,5,7,5
Ashton Cromer,New Orleans,.147,.216,.265,1,37,.167,8.1,24.3,3,0,34,0,2,1,0,-0.40,3,1,0,6,6,5
Clay Crow,Cleveland,.178,.213,.267,1,47,.194,4.3,17.0,2,0,45,0,4,5,0,-0.42,6,1,0,7,6,4
Ivan Cruz,Sacramento,.400,.400,.400,0,10,.500,0.0,20.0,0,0,10,0,1,2,0,-0.06,4,0,0,7,5,5
Mark Cyr,Albuquerque,.215,.311,.312,2,106,.257,11.3,19.8,12,1,93,0,10,12,0,-0.62,15,3,0,7,6,6
Salvatore D'Azeglio,St. Louis,.216,.365,.216,0,63,.344,14.3,30.2,9,3,51,0,3,7,0,-0.00,11,0,0,6,5,7
Theodore Da Silva,Texas,.287,.414,.409,5,280,.324,17.9,13.2,50,0,230,0,30,36,2,1.10,49,11,1,7,7,7
Jake Dahms,Kansas City,.202,.292,.213,0,106,.241,10.4,14.2,11,1,94,0,6,6,1,-0.89,18,1,0,7,5,6
Frank Daniels,Texas,.233,.298,.233,0,47,.278,8.5,14.9,4,0,43,0,5,3,0,0.07,10,0,0,6,6,5
Neil Daniels,Wichita,.176,.440,.353,1,25,.154,28.0,12.0,7,1,17,0,3,4,0,0.10,2,0,0,6,6,7
Jason Dares,Detroit,.200,.273,.200,0,11,.250,9.1,18.2,1,0,10,0,0,0,0,-0.28,2,0,0,7,5,5
Braydon Davis,Arizona,.333,.370,.391,1,73,.367,5.5,11.0,4,0,69,0,7,4,0,0.13,21,1,0,7,5,5
Anyelo De La Cruz,Los Angeles,.319,.363,.362,0,124,.370,5.6,12.9,7,1,116,0,19,12,0,0.49,33,3,1,7,5,5
Fabian De La Torre,San Diego,.311,.346,.421,6,315,.344,4.8,12.7,15,1,299,0,34,42,0,0.47,72,15,0,8,6,5
Emiliano Delgado,Portland,.236,.306,.312,5,304,.275,8.6,17.4,26,2,276,0,18,32,0,-2.60,54,6,0,7,6,5
Salim Demir,St. Louis,.294,.406,.402,5,340,.333,15.6,12.9,53,1,286,0,33,48,13,1.02,65,12,2,7,6,8
Giovanni di Nardo,Birmingham,.143,.182,.286,1,22,.133,4.5,22.7,1,0,21,0,3,2,1,0.05,2,0,0,7,5,5
Josh Dillard,Tampa Bay,.158,.262,.228,1,65,.186,9.2,20.0,6,2,57,0,4,3,0,-0.77,7,1,0,6,6,5
Dylan Dillon,Trenton,1.000,1.000,1.000,0,1,1.000,0.0,0.0,0,0,1,0,0,0,0,0.00,1,0,0,7,5,5
Wilfredo Diones,Boston,.267,.340,.378,1,50,.297,8.0,14.0,4,1,45,0,6,7,0,0.01,9,2,0,6,7,6
Clint Donovan,Chicago,.167,.167,.167,0,6,.167,0.0,0.0,0,0,6,0,0,1,0,-0.00,1,0,0,6,6,6
Jason Drum,Cincinnati,.237,.305,.346,5,282,.269,7.4,15.6,21,4,257,0,24,28,2,-1.07,44,11,1,7,6,5
T.J. Duke,Albuquerque,.333,.355,.433,0,31,.385,3.2,12.9,1,0,30,0,4,5,0,0.21,7,3,0,8,5,6
Alfie Duran,Cincinnati,.179,.233,.294,9,317,.233,5.4,30.9,17,4,296,0,26,24,1,-3.06,38,5,1,5,7,5
Rigby Duvall,Sugar Land,.000,.000,.000,0,0,.000,0.0,0.0,0,0,0,0,0,0,0,0.00,0,0,0,7,5,5
Daniel Díaz,Chicago,.000,.000,.000,0,0,.000,0.0,0.0,0,0,0,0,0,0,0,0.00,0,0,0,6,5,5
Enrique Echegoyen,Seattle,.317,.358,.381,1,148,.355,6.1,11.5,9,0,139,0,12,11,4,0.02,37,6,0,7,5,5
Everett Efird,Cleveland,.252,.337,.327,2,166,.289,11.4,14.5,19,0,147,0,13,9,0,-0.58,30,5,0,7,5,6
Christian Eli,New York,.360,.418,.449,2,98,.385,8.2,9.2,8,1,89,0,8,7,0,0.66,28,2,0,7,6,5
Leonardo Elias,New Orleans,.245,.350,.342,6,323,.341,12.4,27.9,40,5,278,0,21,34,2,-0.04,53,9,0,7,7,6
P.J. Ellis,Philadelphia,.253,.330,.339,2,194,.264,9.3,6.7,18,2,174,0,15,21,3,-1.04,34,7,1,7,6,6
Carlisle Ennis,Salt Lake,.261,.277,.261,0,47,.300,2.1,12.8,1,0,46,0,1,7,0,-0.53,12,0,0,7,6,4
Braden Farrell,Cincinnati,.235,.297,.353,1,37,.259,2.7,16.2,1,2,34,0,3,5,0,-0.47,6,1,0,7,6,5
Leonardo Feliciano,Boston,.500,.571,.667,0,7,.600,14.3,14.3,1,0,6,0,2,1,0,0.16,2,1,0,5,7,4
Gabriel Fiene,Texas,.196,.286,.286,1,63,.250,11.1,23.8,7,0,56,0,3,7,0,-0.90,8,2,0,6,6,6
Prescott Fleet,Toledo,.412,.524,.588,1,21,.429,19.0,9.5,4,0,17,0,4,3,0,0.26,6,0,0,6,6,7
Gavin Fochtman,Grand Junction,.231,.375,.231,0,16,.250,18.8,6.2,3,0,13,0,0,2,0,-0.40,3,0,0,6,6,7
King Forester,Baltimore,.500,.556,.500,0,9,.571,0.0,11.1,0,1,8,0,0,0,0,-0.18,4,0,0,7,7,5
Brant Foster,St. Louis,.130,.200,.174,0,25,.158,8.0,16.0,2,0,23,0,0,1,0,-0.37,2,1,0,7,5,5
Andy Francisco,New York,.216,.305,.293,4,292,.265,11.0,20.2,32,1,259,0,17,26,0,-1.60,45,6,1,7,6,6
Geoff Freiburger,San Antonio,.500,.500,.500,0,4,.500,0.0,0.0,0,0,4,0,0,0,0,0.05,2,0,0,7,6,5
Colton Frisch,Binghamton,.048,.091,.048,0,22,.059,4.5,18.2,1,0,21,0,1,1,0,-0.27,1,0,0,8,5,5
Martin Funderburk,Houston,.261,.292,.783,4,24,.133,4.2,16.7,1,0,23,0,5,7,0,-0.12,2,0,0,7,5,6
Jonathon Furlough,Detroit,.263,.369,.400,3,111,.282,12.6,12.6,14,2,95,0,16,10,0,0.49,18,4,0,7,6,6
Jon Gallegos,St. Louis,.206,.281,.307,7,317,.241,8.8,20.2,28,2,287,0,25,25,7,-1.28,44,8,0,6,6,5
Fernando García,Atlanta,.241,.302,.293,1,63,.271,7.9,14.3,5,0,58,0,13,3,0,0.38,13,0,0,7,5,6
Gavin Garlic,Charlotte,.000,.000,.000,0,3,.000,0.0,33.3,0,0,3,0,0,0,0,-0.05,0,0,0,7,5,5
Karson Garnett,Toronto,.214,.312,.286,0,16,.250,12.5,12.5,2,0,14,0,3,1,0,0.03,2,1,0,6,5,6
Howard Garrett,St. Paul,.200,.400,.267,0,20,.300,25.0,25.0,5,0,15,0,1,2,0,-0.01,2,1,0,7,7,6
Freddy Gaspard,Tampa Bay,.282,.417,.385,1,48,.323,14.6,14.6,7,2,39,0,6,7,0,0.54,9,1,0,6,6,6
Andy Gastineau,Pittsburgh,.292,.383,.395,5,381,.318,11.8,10.0,45,4,332,0,33,56,15,1.61,75,15,2,7,6,7
Louis Gilbert,New York,.000,.000,.000,0,0,.000,0.0,0.0,0,0,0,0,0,0,0,0.00,0,0,0,5,6,8
Frank Girard,Memphis,.000,.000,.000,0,4,.000,0.0,25.0,0,0,4,0,0,0,0,-0.03,0,0,0,7,5,4
Lanny Glen,Houston,.241,.362,.345,1,69,.342,13.0,27.5,9,2,58,0,3,7,0,-0.68,11,1,1,5,7,6
Tom Godwin,Marquette,.500,.500,.500,0,2,.500,0.0,0.0,0,0,2,0,0,1,0,-0.00,1,0,0,7,6,6
Troy Goggans,Philadelphia,.223,.346,.331,10,384,.243,12.8,15.1,49,12,323,0,30,37,0,-1.03,57,5,0,6,7,7
Rex Golden,San Diego,.140,.196,.209,1,46,.147,6.5,17.4,3,0,43,0,4,4,0,-0.26,5,0,0,7,6,5
Jason Goldring,Tampa,.000,.250,.000,0,4,.000,25.0,50.0,1,0,3,0,0,0,1,0.07,0,0,0,6,5,6
Guido Gonçalves,Albuquerque,.183,.256,.366,4,78,.257,7.7,41.0,6,1,71,0,11,5,0,-0.52,8,1,0,5,9,5
Ezra Goto,Arizona,.214,.302,.282,1,116,.273,9.5,21.6,11,2,103,0,7,12,2,0.01,17,4,0,7,4,6
Bersi Graham,Jacksonville,.225,.295,.300,0,44,.290,9.1,20.5,4,0,40,0,5,6,0,-0.22,6,3,0,5,5,5
Roberto Graziani,Portland,.000,.000,.000,0,0,.000,0.0,0.0,0,0,0,0,0,0,0,0.00,0,0,0,6,3,6
J.J. Guinn,Philadelphia,.229,.280,.300,1,75,.263,5.3,16.0,4,1,70,0,6,4,0,-0.23,13,2,0,6,7,6
Danny Guzman,Miami,.263,.333,.316,0,63,.319,9.5,15.9,6,0,57,0,4,4,0,-0.53,12,3,0,7,6,5
Alijah Hamilton,Los Angeles,.270,.357,.270,0,42,.303,9.5,9.5,4,1,37,0,2,5,1,-0.17,10,0,0,7,6,5
Adam Hannon,Worcester,.250,.350,.346,1,60,.279,13.3,13.3,8,0,52,0,7,5,0,-0.09,10,2,0,6,6,7
Cooper Hanson,Chicago,.221,.299,.317,5,291,.248,7.6,14.8,22,7,262,0,27,25,0,-1.60,43,10,0,7,5,5
Shahriar Haque,Montgomery,.206,.273,.234,0,154,.257,7.1,18.2,11,2,141,0,15,7,6,-1.39,25,4,0,7,4,5
Dustin Hardman,Marquette,.200,.250,.267,0,16,.250,6.2,18.8,1,0,15,0,3,0,0,-0.07,2,1,0,7,6,5
Conner Harris,Marquette,.264,.361,.453,2,61,.308,11.5,19.7,7,1,53,0,8,8,0,-0.06,8,4,0,6,6,6
Ivan Harris,Colorado,.281,.364,.428,12,407,.303,11.1,13.3,45,2,360,0,48,51,3,1.88,75,11,3,7,7,5
Mason Harris,Texas,.000,.429,.000,0,7,.000,42.9,14.3,3,0,4,0,1,1,0,-0.08,0,0,0,6,6,5
Owen Harris,Philadelphia,.243,.277,.340,8,336,.262,4.5,13.7,15,0,321,0,31,36,16,-1.92,64,5,1,7,6,4
Liam Harvey,Sacramento,.205,.318,.274,1,85,.269,14.1,23.5,12,0,73,0,1,3,0,-1.01,12,2,0,6,7,6
Archer Hedgepeth,Philadelphia,.188,.235,.188,0,17,.231,0.0,17.6,0,1,16,0,0,1,0,0.06,3,0,0,6,6,5
James Heekin,New York,.286,.375,.286,0,16,.571,12.5,43.8,2,0,14,0,0,1,0,-0.09,4,0,0,6,6,7
Zedd Henry,Sugar Land,.429,.429,.571,0,7,.500,0.0,14.3,0,0,7,0,0,1,0,0.00,2,1,0,6,5,6
RILEY HOBBS JR.,New York,.230,.335,.345,4,191,.293,11.5,23.6,22,4,165,0,18,15,0,0.17,28,5,1,6,6,6
Colt Hooper,Portland,.272,.352,.364,5,281,.301,9.6,12.8,27,4,250,0,32,29,3,-1.11,56,6,1,6,7,6
Pat Hopkins,San Francisco,.292,.345,.405,4,200,.345,7.5,18.0,15,0,185,0,14,32,10,-0.22,42,7,1,7,7,4
Ashton Howell,Montgomery,.245,.288,.490,4,52,.211,3.8,13.5,2,1,49,0,5,9,0,-0.02,8,0,0,7,6,6
Noël Hudon,Milwaukee,.242,.315,.333,2,73,.264,8.2,15.1,6,1,66,0,7,11,0,-0.09,14,0,0,7,5,6
Dimitrios Ioannou,Albuquerque,.269,.358,.374,8,335,.293,12.2,13.1,41,0,294,0,27,50,4,0.93,64,7,0,7,5,6
John Jacob,Houston,.266,.347,.312,0,72,.321,9.7,15.3,7,1,64,0,3,10,0,-0.79,14,3,0,6,6,6
Cliff Jagger,Houston,.143,.270,.206,1,74,.151,13.5,12.2,10,1,63,0,8,8,0,-0.20,7,1,0,7,6,6
Jake Jara,Sacramento,.500,.500,.500,0,2,1.000,0.0,50.0,0,0,2,0,0,0,0,0.00,1,0,0,6,6,4
Larry Jenkins,Arizona,.260,.315,.260,0,54,.317,7.4,16.7,4,0,50,0,3,3,0,-0.46,13,0,0,7,6,5
Roger Jerome,Arizona,.275,.310,.425,1,42,.323,4.8,19.0,2,0,40,0,7,4,0,-0.07,7,3,0,7,5,6
Ayahito Jiruska,Atlantic City,.000,.250,.000,0,4,.000,25.0,0.0,1,0,3,0,1,1,0,-0.00,0,0,0,6,7,5
Franklin Johnson,Chicago,.176,.263,.294,0,19,.273,10.5,31.6,2,0,17,0,0,4,0,-0.38,1,2,0,6,5,6
Kane Jones,Chicago,.263,.333,.263,0,21,.357,9.5,23.8,2,0,19,0,2,1,0,-0.24,5,0,0,7,6,5
Matthew Jones,Seattle,.146,.186,.341,1,43,.139,4.7,9.3,2,0,41,0,5,2,0,0.07,2,1,2,6,7,5
Steve Jones,Los Angeles,.353,.389,.353,0,36,.480,5.6,25.0,2,0,34,0,4,3,0,0.06,12,0,0,7,5,6
Zach Jones,Kansas City,.230,.266,.311,1,64,.241,1.6,9.4,1,2,61,0,6,8,0,-0.14,11,2,0,7,5,5
J.J. Jordan,Las Vegas,.667,.750,.667,0,4,.667,25.0,0.0,1,0,3,0,2,0,0,0.85,2,0,0,7,5,6
Ángel Juarez,Toledo,.305,.379,.492,2,66,.320,10.6,10.6,7,0,59,0,9,7,0,-0.07,12,3,1,6,6,6
Cain Kahaki,Kansas City,.273,.333,.545,2,24,.250,8.3,16.7,2,0,22,0,2,4,0,0.12,4,0,0,7,6,5
Eric Kaminski,Atlanta,.414,.414,.552,0,29,.571,0.0,27.6,0,0,29,0,5,3,0,0.27,9,2,1,6,7,5
MIKO KAZAN,Salt Lake,.274,.371,.379,3,143,.341,13.3,21.0,19,0,124,0,13,18,0,-0.01,27,4,0,6,6,7
Bobby Keck,Washington,.156,.207,.364,5,82,.146,6.1,29.3,5,0,77,0,7,8,0,-1.45,6,1,0,5,7,5
Parker Kile,Houston,.226,.273,.290,0,33,.304,3.0,24.2,1,1,31,0,2,3,0,-0.51,5,2,0,6,7,5
Jakob Kinder,St. Paul,.214,.353,.214,0,17,.214,17.6,0.0,3,0,14,0,2,1,0,-0.05,3,0,0,6,6,5
Blake King,Texas,.155,.300,.224,1,70,.186,14.3,20.0,10,2,58,0,3,2,1,-0.09,7,1,0,6,6,7
Wyatt King,New York,.217,.357,.391,1,28,.222,14.3,14.3,4,1,23,0,2,4,1,-0.19,3,1,0,7,6,5
Kyr Konoplyanka,Cleveland,.180,.285,.338,13,319,.274,11.6,40.8,37,4,278,0,30,34,2,-1.15,33,3,1,4,8,7
Elliot Koukal,Salt Lake,.246,.312,.347,9,369,.285,8.4,18.4,31,1,337,0,28,45,8,-1.21,67,7,0,6,7,5
Trevor Kruithoff,Sacramento,.261,.333,.370,1,51,.324,7.8,21.6,4,1,46,0,8,5,0,-0.02,9,2,0,6,6,6
Chris Kubinski,Houston,.319,.355,.391,3,338,.345,4.7,8.9,16,2,320,0,33,36,12,1.11,86,12,1,7,5,5
Adrian Kurz,San Francisco,.267,.362,.328,2,224,.316,12.9,15.6,29,0,195,0,17,20,0,0.61,44,6,0,7,5,7
John Kusel,Newark,.194,.286,.194,0,35,.222,8.6,11.4,3,1,31,0,1,4,0,-0.33,6,0,0,6,7,6
Noel Körner,Pensacola,.158,.238,.158,0,21,.176,9.5,9.5,2,0,19,0,0,2,0,-0.25,3,0,0,5,5,4
Alan LaCoste,Toronto,.667,.667,.667,0,3,.667,0.0,0.0,0,0,3,0,0,0,0,0.02,2,0,0,7,5,4
Ralph LaMonte,-,.091,.167,.091,0,12,.091,8.3,0.0,1,0,11,0,0,1,0,-0.14,1,0,0,7,4,6
Jud Larson,Montreal,.226,.294,.258,0,68,.280,8.8,17.6,6,0,62,0,8,8,0,-0.89,12,2,0,7,5,7
D.J. Lassiter,New York,.227,.277,.295,1,47,.250,6.4,14.9,3,0,44,0,5,4,0,-0.85,9,0,0,7,5,5
Drake Law,Portland,.258,.333,.331,1,168,.317,8.3,17.9,14,3,151,0,11,11,0,-0.35,31,6,1,7,6,5
Htoo Sar Lee,Delmarva,.280,.308,.280,0,26,.368,0.0,23.1,0,1,25,0,1,2,0,-0.14,7,0,0,6,6,4
Price Lee,Arizona,.500,.667,1.000,0,3,1.000,33.3,33.3,1,0,2,0,0,1,0,-0.01,0,1,0,6,4,6
Halsten Leiendecker,Detroit,.311,.373,.395,1,209,.379,5.7,17.2,12,7,190,0,25,21,0,0.35,46,11,1,7,6,5
Manuelo Leon,Toronto,.248,.299,.321,2,147,.330,4.8,25.9,7,3,137,0,12,18,0,-0.59,29,2,1,6,6,5
Ed Levy,San Francisco,.000,.000,.000,0,0,.000,0.0,0.0,0,0,0,0,0,0,0,0.00,0,0,0,6,3,5
Heath Lewis,Reno,.000,.000,.000,0,4,.000,0.0,0.0,0,0,4,0,0,0,0,-0.37,0,0,0,7,6,5
Berger Lindenfelser,Sacramento,.250,.250,.625,1,8,.167,0.0,12.5,0,0,8,0,1,2,0,-0.14,1,0,0,7,5,7
Steve Lindgren,Charlotte,.240,.305,.333,2,105,.284,8.6,19.0,9,0,96,0,9,10,0,-0.83,18,3,0,7,7,5
Ryan Lingo,-,.271,.320,.429,3,75,.296,5.3,17.3,4,1,70,0,10,10,1,-0.10,14,2,0,6,7,5
Dalton Lomax,Milwaukee,.333,.412,.533,1,17,.400,11.8,23.5,2,0,15,0,2,2,0,-0.08,4,0,0,6,6,5
Josiah Lombard,Arizona,.250,.250,.250,0,4,.250,0.0,0.0,0,0,4,0,2,1,0,0.21,1,0,0,5,7,5
David London,Marquette,.625,.625,1.375,2,8,.600,0.0,12.5,0,0,8,0,4,3,0,1.00,3,0,0,6,6,5
Armando Lopez,Winnipeg,.250,.250,.250,0,4,.500,0.0,50.0,0,0,4,0,0,0,0,-0.22,1,0,0,5,6,6
Joe Louwen,El Paso,.000,.000,.000,0,1,.000,0.0,100.0,0,0,1,0,0,0,0,0.00,0,0,0,5,5,5
Jaxson Love,Vancouver,.289,.314,.325,0,86,.329,3.5,11.6,3,0,83,0,4,6,0,-0.19,21,3,0,8,3,5
Gabe Luckett,Boise,.273,.310,.348,2,197,.314,4.6,14.7,9,1,187,0,9,29,6,-0.88,41,8,0,7,5,5
Kaká Machado,Texas,.233,.327,.372,2,98,.290,12.2,22.4,12,0,86,0,10,10,2,0.50,12,6,0,6,6,7
Mirza Mahovic,San Francisco,.800,.800,1.200,0,5,.800,0.0,0.0,0,0,5,0,1,1,0,0.18,2,2,0,7,5,5
Rinaldo Mancini,Milwaukee,.335,.414,.409,1,186,.386,11.3,12.4,21,1,164,0,23,27,2,0.20,47,5,2,7,4,7
Jeremiah Manning,Seattle,.190,.288,.345,2,66,.265,10.6,33.3,7,1,58,0,5,7,0,-0.50,6,3,0,5,7,7
Jonathan Marchand,San Francisco,.194,.219,.290,1,32,.250,3.1,31.2,1,0,31,0,4,1,0,-0.19,5,0,0,7,5,5
Jakov Maric,San Francisco,.280,.341,.354,1,179,.328,7.3,14.5,13,2,164,0,16,16,3,0.24,37,7,1,7,4,5
Todd Marks,Greensboro,.170,.304,.447,4,56,.125,14.3,19.6,8,1,47,0,10,9,1,0.72,3,1,0,6,7,6
Mariano Marquel,Vancouver,.262,.355,.308,2,197,.291,11.2,11.2,22,3,172,0,13,11,2,-1.12,41,2,0,7,6,6
Clint Mastrogiovanni,Colorado,.091,.091,.091,0,11,.125,0.0,27.3,0,0,11,0,0,0,0,-0.26,1,0,0,6,6,5
Massimo Mattioli,Boston,.338,.408,.441,1,76,.393,9.2,14.5,7,1,68,0,8,10,0,-0.21,18,4,0,7,5,6
Garrek Maturi,Baltimore,.154,.214,.154,0,14,.250,7.1,35.7,1,0,13,0,1,1,0,-0.06,2,0,0,6,6,5
R.J. Mayo,Cincinnati,.000,.000,.000,0,0,.000,0.0,0.0,0,0,0,0,0,0,0,0.00,0,0,0,6,4,4
Noah McAllen,Vancouver,.304,.316,.518,2,57,.357,1.8,21.1,1,0,56,0,7,5,1,0.07,9,6,0,7,6,5
Angel Merced,Memphis,.400,.400,.400,0,10,.444,0.0,10.0,0,0,10,0,1,1,0,0.08,4,0,0,7,6,5
Gerardinho Meservey,Baltimore,.186,.375,.209,0,56,.222,17.9,12.5,10,3,43,0,1,7,0,0.03,7,1,0,7,6,6
Jack Michie,Norwich,.000,.000,.000,0,2,.000,0.0,50.0,0,0,2,0,0,0,0,-0.14,0,0,0,6,6,5
Brayden Miller,Vancouver,.000,.143,.000,0,7,.000,14.3,57.1,1,0,6,0,0,0,0,-0.09,0,0,0,7,7,5
Mike Miller,Miami,.000,.000,.000,0,1,.000,0.0,100.0,0,0,1,0,0,0,0,-0.02,0,0,0,5,6,6
Romario Mojica,Chicago,.263,.354,.368,1,65,.311,9.2,16.9,6,2,57,0,10,7,0,0.55,11,3,0,6,6,6
E.J. Monaghan,Charlotte,.274,.351,.333,1,94,.361,10.6,23.4,10,0,84,0,12,7,0,-0.30,20,2,0,6,6,6
Ángel Gabriel Montalvo,Montreal,.318,.400,.523,2,50,.343,8.0,14.0,4,2,44,0,3,6,1,0.57,9,3,0,7,5,5
Onel Montoya,Bowling Green,.000,.500,.000,0,2,.000,50.0,0.0,1,0,1,0,0,0,0,0.00,0,0,0,6,7,5
Blake Moore,Sacramento,.303,.315,.339,0,111,.371,0.9,18.0,1,1,109,0,10,12,0,-0.23,29,4,0,7,5,4
Merlin Moore,Lake Elsinore,1.000,1.000,1.000,0,2,1.000,0.0,0.0,0,0,2,0,0,1,0,0.13,2,0,0,6,7,4
Josue Morales,Lexington,.100,.182,.100,0,11,.125,9.1,18.2,1,0,10,0,0,0,0,-0.25,1,0,0,7,7,4
Santiago Morales,Tampa Bay,.329,.418,.458,8,330,.352,12.4,10.3,41,3,286,0,47,37,0,1.94,73,13,0,8,7,6
Garth Morrison,Los Angeles,.333,.400,.333,0,10,.500,10.0,30.0,1,0,9,0,3,1,0,0.17,3,0,0,6,6,7
Zahedi Moss,Atlanta,.000,.000,.000,0,1,.000,0.0,0.0,0,0,1,0,0,0,0,-0.00,0,0,0,6,6,5
Jimmy Mucker,Minnesota,.180,.296,.295,2,71,.231,14.1,28.2,10,0,61,0,7,7,0,-0.31,8,1,0,6,7,6
Oscar Munoz,Salt Lake,.265,.372,.400,10,304,.298,14.1,17.1,43,1,260,0,30,36,1,-1.04,54,5,0,7,6,6
Gilbert Murcia,Detroit,.259,.300,.364,4,233,.288,2.6,13.7,6,7,220,0,26,21,6,-1.64,45,5,3,6,7,4
Cayden Murray,Kansas City,.279,.290,.361,1,62,.320,1.6,16.1,1,0,61,0,7,7,0,0.19,14,2,0,6,7,4
E.J. Nash,Tampa Bay,.266,.328,.373,8,387,.315,6.7,18.9,26,7,354,0,39,50,12,1.70,74,10,2,7,6,5
Pat Nelson,Milwaukee,.000,.000,.000,0,1,.000,0.0,0.0,0,0,1,0,0,0,0,-0.00,0,0,0,6,6,4
Rafael Neri,Tulsa,.000,.000,.000,0,1,.000,0.0,0.0,0,0,1,0,0,0,0,-0.00,0,0,0,7,5,6
Clay Nesmith,Texas,.000,.000,.000,0,0,.000,0.0,0.0,0,0,0,0,0,0,0,0.00,0,0,0,7,5,5
Tadeo Nieto,Montreal,.245,.348,.371,7,322,.293,12.7,19.6,41,3,278,0,40,33,11,-0.45,48,12,1,6,6,7
Karson Nutt,Sacramento,.244,.320,.391,6,219,.298,9.1,22.8,20,2,197,0,30,23,8,-0.06,31,11,0,5,7,5
Mudawar Nys,Lynchburg,.265,.306,.382,1,36,.320,5.6,22.2,2,0,34,0,2,3,0,-0.11,7,1,0,6,7,5
Roger O'Laughlin,Sacramento,.270,.355,.388,5,172,.288,8.7,12.8,15,5,152,0,19,20,0,0.22,33,3,0,7,6,6
James Oldacres,Philadelphia,.364,.500,.545,0,14,.444,14.3,14.3,2,1,11,0,1,1,0,-0.09,2,2,0,6,6,4
Tyler Olsen,Albuquerque,.207,.258,.293,1,62,.262,4.8,24.2,3,1,58,0,3,7,1,-0.54,9,2,0,7,6,5
Ken Orizal,Texas,.233,.271,.285,1,203,.273,4.9,15.3,10,0,193,0,9,20,6,-1.60,38,5,1,7,6,4
John Oxford,Round Rock,.233,.327,.279,0,49,.294,10.2,18.4,5,1,43,0,6,5,0,-0.17,8,2,0,7,5,5
Dinko Padovec,Minnesota,.143,.200,.143,0,15,.167,6.7,13.3,1,0,14,0,0,0,0,-0.62,2,0,0,7,5,7
Júlio Palacios,San Francisco,.225,.276,.338,2,76,.304,6.6,30.3,5,0,71,0,7,8,0,-0.51,12,2,0,7,6,6
Jang-jin Palmer,Seattle,.000,.000,.000,0,0,.000,0.0,0.0,0,0,0,0,0,0,0,0.00,0,0,0,7,4,5
Goran Panic,Amarillo,.333,.378,.452,1,45,.382,2.2,15.6,1,2,42,0,4,9,1,-0.46,11,2,0,7,5,7
Nick Pannell,-,.000,.000,.000,0,2,.000,0.0,0.0,0,0,2,0,0,0,0,-0.15,0,0,0,6,5,5
Tim Paraschos,Albuquerque,.293,.375,.402,4,208,.336,7.2,14.9,15,9,184,0,21,15,0,0.07,42,8,0,8,5,5
Anthony Payne,-,.190,.190,.238,0,21,.200,0.0,4.8,0,0,21,0,0,1,0,-0.01,3,1,0,7,5,5
Emmanuel Pedersen,Oklahoma City,.000,.000,.000,0,5,.000,0.0,20.0,0,0,5,0,0,0,0,-0.06,0,0,0,6,6,6
John Pena,San Francisco,.167,.355,.208,0,31,.286,22.6,32.3,7,0,24,0,1,3,0,-0.12,3,1,0,6,7,6
Truman Pericles,Omaha,1.000,1.000,1.000,0,1,1.000,0.0,0.0,0,0,1,0,0,0,0,0.00,1,0,0,6,6,5
Brad Peterson,Miami,.231,.293,.324,5,198,.257,8.1,16.7,16,0,182,0,15,18,2,-0.52,35,2,0,7,7,5
Ng Phong,Greensboro,.200,.429,.200,0,7,.200,28.6,0.0,2,0,5,0,0,1,0,-0.12,1,0,0,7,6,5
Steve Phong,Baltimore,.105,.150,.263,1,20,.091,5.0,35.0,1,0,19,0,2,2,0,-0.61,1,0,0,6,6,5
Javier Pichardo,Cleveland,.194,.310,.389,2,42,.200,11.9,21.4,5,1,36,0,4,3,0,-0.58,4,1,0,6,7,6
Jhoan Antonio Piwnik,New Orleans,.289,.352,.363,3,281,.306,8.2,7.5,23,2,256,0,19,34,4,-0.57,62,8,1,7,6,5
Imre Pongrácz,St. Louis,.290,.361,.383,3,119,.311,9.2,11.8,11,1,107,0,9,10,0,-0.60,27,1,0,7,5,6
Heath Potter,Portland,.000,.000,.000,0,1,.000,0.0,100.0,0,0,1,0,0,0,0,-0.00,0,0,0,7,6,5
Lawrence Pryor,Chicago,.305,.339,.458,2,62,.333,3.2,14.5,2,1,59,0,11,7,0,0.11,13,3,0,7,6,6
Enzo Puac,Mississippi,.244,.320,.289,0,50,.282,8.0,12.0,4,1,45,0,6,3,0,-0.38,9,2,0,7,6,4
Augustin Quiñones,Boston,.281,.385,.524,15,270,.303,14.1,18.9,38,1,231,0,45,43,1,1.42,40,9,1,6,7,6
Justin Radford,Boston,.297,.366,.475,6,131,.358,4.6,23.7,6,7,118,0,21,18,0,-0.69,26,3,0,6,7,5
Felix Ramos,Colorado,.366,.395,.439,0,43,.417,4.7,11.6,2,0,41,0,7,3,0,0.43,12,3,0,7,5,5
Aldofredo Ramírez,New Orleans,.194,.296,.274,1,71,.239,12.7,21.1,9,0,62,0,6,11,0,-0.37,9,2,0,7,6,7
Gustavo Ramírez,Columbus,.000,.000,.000,0,0,.000,0.0,0.0,0,0,0,0,0,0,0,0.00,0,0,0,7,4,5
Mason Raymond Jr.,Los Angeles,.333,.380,.470,2,71,.392,7.0,18.3,5,0,66,0,5,8,1,-0.20,17,3,0,5,6,7
Yacome Rehse,Somerset,.500,.750,.500,0,4,1.000,50.0,25.0,2,0,2,0,0,1,0,0.07,1,0,0,6,6,7
Braden Remmers,New York,.375,.375,.375,0,8,.600,0.0,37.5,0,0,8,0,0,0,0,-0.29,3,0,0,6,6,5
Miguel Rendon,Cleveland,.227,.283,.329,6,233,.253,6.0,17.2,14,3,216,0,21,21,2,-0.47,39,4,0,6,6,5
Matthew Reveley,Boston,.246,.373,.275,0,83,.274,14.5,8.4,12,2,69,0,4,6,0,-0.43,15,2,0,7,6,5
Aristeo Reyes,Cincinnati,.257,.313,.364,5,291,.277,6.2,11.3,18,4,269,0,24,30,4,-0.23,51,12,1,8,6,5
Nicky Reyes,Kannapolis,.226,.330,.238,0,97,.268,13.4,13.4,13,0,84,0,8,7,0,-0.26,18,1,0,7,4,6
Tonel Reyes,Toronto,.375,.394,.688,3,33,.346,3.0,9.1,1,0,32,0,9,4,0,0.26,8,1,0,7,6,5
Nick Richardson,Atlanta,.182,.357,.182,0,14,.222,21.4,14.3,3,0,11,0,0,0,0,-0.32,2,0,0,7,5,6
Roel Rijks,Lexington,.202,.385,.226,0,109,.262,20.2,17.4,22,3,84,0,2,8,1,-0.50,15,2,0,6,5,7
Mikel Rios,Binghamton,.000,.000,.000,0,0,.000,0.0,0.0,0,0,0,0,0,0,0,0.00,0,0,0,5,4,5
Manuel Rivas,Wichita,.000,.000,.000,0,0,.000,0.0,0.0,0,0,0,0,0,0,0,0.00,0,0,0,5,3,5
Teven Rivera,Portland,.242,.293,.340,4,164,.256,6.1,12.2,10,1,153,0,17,16,2,-0.85,31,1,1,7,6,5
Garett Rivers,Detroit,.385,.467,.692,1,15,.400,13.3,13.3,2,0,13,0,2,1,0,0.03,3,1,0,7,6,5
Herman Rizzo,St. Paul,.417,.475,.500,0,40,.484,10.0,12.5,4,0,36,0,8,4,0,0.62,12,3,0,6,5,5
Charlie Roberts,Boise,.000,.250,.000,0,4,.000,25.0,25.0,1,0,3,0,0,0,0,-0.01,0,0,0,5,5,7
Alex Rocha,Indianapolis,.300,.364,.300,0,11,.300,9.1,0.0,1,0,10,0,0,2,0,-0.02,3,0,0,7,6,5
T.J. Rodriguez,Toronto,.302,.350,.429,4,263,.347,6.8,14.8,18,0,245,0,36,37,0,-0.97,53,15,2,7,6,5
Alejandro Rodríguez,Chicago,.287,.372,.457,11,341,.316,10.0,15.2,34,7,300,0,43,36,0,1.98,58,16,1,7,7,7
T.J. Rodríguez,Scranton WB,.250,.250,.250,0,4,.333,0.0,25.0,0,0,4,0,1,1,2,-0.03,1,0,0,6,4,4
Bucky Rogers,Montreal,.300,.300,.500,2,30,.304,0.0,16.7,0,0,30,0,5,4,0,-0.31,7,0,0,6,6,5
Nic Rosati,Charlotte,.308,.400,.462,1,45,.355,13.3,15.6,6,0,39,0,5,7,0,-0.09,8,3,0,7,5,6
Remmy Rosenthal,San Antonio,.333,.333,.667,0,3,.500,0.0,33.3,0,0,3,0,0,0,0,-0.02,0,1,0,6,6,5
Elton Ross,Tampa Bay,.200,.271,.280,4,247,.240,7.3,20.2,18,4,225,0,14,20,2,-1.39,35,6,0,6,6,6
Jake Roton,Scranton WB,.000,.000,.000,0,0,.000,0.0,0.0,0,0,0,0,0,0,0,0.00,0,0,0,5,4,5
Skyler Russell,El Paso,.000,.000,.000,0,0,.000,0.0,0.0,0,0,0,0,0,0,0,0.00,0,0,0,5,5,6
Younis Sajjad,Pittsburgh,.148,.257,.164,0,70,.184,11.4,17.1,8,1,61,0,1,3,0,-0.85,8,1,0,6,6,5
Urban Saldivar,New Orleans,.263,.360,.446,12,328,.309,12.8,21.0,42,1,285,0,47,45,0,0.10,50,10,3,5,8,7
Claude San Filippo,Pittsburgh,.000,.000,.000,0,0,.000,0.0,0.0,0,0,0,0,0,0,0,0.00,0,0,0,6,3,5
Martin Sanabria,Chicago,.254,.291,.355,7,344,.291,2.0,17.2,7,10,327,0,33,37,4,-0.74,65,10,1,7,7,4
George Sancarlos,Cleveland,.200,.333,.200,0,6,.333,16.7,33.3,1,0,5,0,1,0,0,0.11,1,0,0,5,6,5
Raymon Santana,Tulsa,.203,.301,.234,0,73,.217,12.3,5.5,9,0,64,0,7,4,0,0.12,11,2,0,7,5,6
Francisco Santiago,Indianapolis,.244,.320,.333,1,50,.270,10.0,14.0,5,0,45,0,6,6,1,0.14,9,1,0,6,7,5
Mark Sarge,Jacksonville,.280,.374,.318,1,123,.337,13.0,16.3,16,0,107,0,12,10,1,-0.65,28,1,0,7,6,5
Uwe Sattler,Eugene,.000,.100,.000,0,10,.000,10.0,30.0,1,0,9,0,0,0,0,-0.22,0,0,0,5,6,5
Kojo Scarlett,Round Rock,.286,.353,.390,4,170,.342,7.1,19.4,12,4,154,0,10,17,0,-0.14,36,4,0,7,5,5
Adam Schatz,Tacoma,.182,.182,.182,0,11,.182,0.0,0.0,0,0,11,0,0,0,1,-0.20,2,0,0,6,5,4
Asher Schoonover,Northwest Arkansas,.280,.345,.360,0,55,.359,9.1,20.0,5,0,50,0,6,5,0,-0.05,10,4,0,7,5,5
Richie Scolaro,-,.100,.308,.100,0,13,.125,23.1,15.4,3,0,10,0,0,2,0,-0.11,1,0,0,7,5,6
António Simonetti,St. Louis,.273,.333,.364,0,12,.333,8.3,16.7,1,0,11,0,1,0,0,-0.13,2,1,0,7,5,5
Rocco Sini,Salt Lake,.211,.300,.225,0,80,.246,10.0,12.5,8,1,71,0,4,6,0,-1.44,14,1,0,7,5,6
Igone Siwatu,Columbus,.111,.200,.111,0,10,.167,10.0,30.0,1,0,9,0,0,0,0,-0.20,1,0,0,6,6,4
Vic Smith,Pittsburgh,.210,.352,.420,7,145,.217,16.6,20.0,24,2,119,0,23,15,0,0.74,14,4,0,5,7,7
Ponziano Solis,Seattle,.260,.340,.443,11,324,.346,10.8,28.7,35,0,289,0,42,35,1,1.09,47,14,3,6,7,6
Joey Song,Cleveland,.000,.000,.000,0,0,.000,0.0,0.0,0,0,0,0,0,0,0,0.00,0,0,0,6,5,5
Cam Spice,New York,.270,.357,.486,2,42,.348,9.5,28.6,4,1,37,0,7,6,1,-0.58,6,2,0,7,6,6
Ryan St. Clair,Sacramento,.245,.316,.294,2,225,.296,8.9,17.8,20,1,204,0,10,15,4,0.66,44,4,0,7,6,5
Chuck Steck,Portland,.333,.429,.417,0,14,.444,14.3,21.4,2,0,12,0,1,5,0,-0.29,3,1,0,6,6,5
Myles Stevens,Albuquerque,.284,.392,.382,2,120,.325,10.0,14.2,12,6,102,0,11,18,4,0.42,23,4,0,7,6,5
Leys Steward,Birmingham,.000,.000,.000,0,0,.000,0.0,0.0,0,0,0,0,0,0,0,0.00,0,0,0,7,3,4
Mike Sticco,Texas,.260,.354,.382,5,198,.282,12.1,13.1,24,1,173,0,17,25,5,0.92,34,6,0,7,6,6
Austin Stiles,Chattanooga,.136,.208,.136,0,24,.143,8.3,4.2,2,0,22,0,0,3,0,-0.54,3,0,0,7,5,4
Piotr Stirbu,Minnesota,.338,.421,.443,2,261,.379,12.3,10.7,32,1,228,0,29,31,2,1.29,58,16,1,7,4,6
Cliff Streater,Baltimore,.291,.349,.396,2,146,.336,6.8,15.1,10,2,134,0,10,12,0,-0.81,31,4,2,7,6,5
Todd Stubbs,Tennessee,.180,.233,.286,4,172,.263,5.2,36.0,9,2,161,0,19,16,2,-1.01,21,3,1,5,5,5
Ian Sturdevant,Tampa Bay,.000,.111,.000,0,9,.000,11.1,55.6,1,0,8,0,0,0,0,-0.02,0,0,0,5,7,6
Dave Summers,Columbus,.154,.248,.221,2,117,.192,11.1,24.8,13,0,104,0,9,9,0,-0.98,13,1,0,6,6,7
Josh Summerville,San Diego,.453,.500,.880,10,82,.500,6.1,20.7,5,2,75,0,26,16,0,2.53,22,2,0,7,7,4
Clovis Suriel,Norwich,.000,.000,.000,0,0,.000,0.0,0.0,0,0,0,0,0,0,0,0.00,0,0,0,8,4,4
Emilio Sutton,Toronto,.266,.399,.383,8,271,.309,17.3,18.1,47,2,222,0,33,30,0,0.42,49,2,0,8,6,7
Han Mg Sálka,Cincinnati,.275,.344,.405,5,221,.318,7.7,17.2,17,4,200,0,26,22,4,0.04,39,11,0,7,7,5
Keanon Taff,Colorado,.321,.406,.571,2,32,.389,9.4,25.0,3,1,28,0,4,5,0,0.55,6,1,0,6,7,4
Motoshige Tanaka,Houston,.250,.471,.500,1,17,.222,23.5,11.8,4,1,12,0,1,5,0,0.10,2,0,0,7,8,6
Dinh-Hy Tanh,Cleveland,.243,.337,.332,5,282,.276,11.7,15.2,33,2,247,0,19,31,1,0.12,48,7,0,7,6,7
Brantley Tanner,St. Louis,.250,.276,.312,1,116,.293,2.6,16.4,3,1,112,0,9,9,1,-1.25,23,4,0,7,5,4
Jon Taylor,Albuquerque,.255,.300,.404,2,50,.244,6.0,8.0,3,0,47,0,7,3,0,-0.75,9,1,0,7,6,5
Julian Taylor,Cincinnati,.368,.400,.526,1,40,.406,2.5,12.5,1,1,38,0,4,6,1,0.45,10,3,0,6,6,4
Pedro Tejada,New York,.248,.318,.385,4,129,.284,9.3,19.4,12,0,117,0,11,19,0,0.21,22,2,1,7,6,6
Elier Tejano,Cincinnati,.208,.290,.353,6,193,.263,8.8,27.5,17,3,173,0,21,16,3,-1.39,25,3,2,6,6,5
Jared Terrell,Kansas City,.286,.371,.340,1,167,.331,11.4,13.2,19,1,147,0,15,20,4,-0.68,36,5,0,7,5,5
R.J. Terry,San Diego,.269,.313,.308,0,83,.356,2.4,22.9,2,3,78,0,8,5,0,-0.31,18,3,0,6,5,5
Virgil Terry,Montgomery,.150,.238,.186,1,126,.250,8.7,38.1,11,2,113,0,4,9,0,-1.48,15,1,0,4,5,5
Trai Thuc,Boise,.000,.000,.000,0,0,.000,0.0,0.0,0,0,0,0,0,0,0,0.00,0,0,0,6,6,5
Easton Thurston,Northwest Arkansas,.143,.333,.143,0,9,.167,22.2,11.1,2,0,7,0,1,1,0,-0.08,1,0,0,7,5,5
Aarão Trombello,Memphis,.158,.304,.211,0,23,.300,17.4,39.1,4,0,19,0,3,0,0,-0.01,2,1,0,5,5,5
Ben Trost,Charlotte,.000,1.000,.000,0,1,.000,0.0,0.0,0,1,0,0,0,0,0,0.00,0,0,0,6,7,5
Sean Tucker,New Orleans,.333,.406,.474,2,64,.354,7.8,10.9,5,2,57,0,8,6,3,0.80,15,2,0,6,6,6
Malcolm Tull,Amarillo,.308,.308,.308,0,26,.348,0.0,11.5,0,0,26,0,3,3,0,0.04,8,0,0,7,5,5
Daniel Tyger,St. Paul,.211,.286,.421,1,21,.200,4.8,14.3,1,1,19,0,1,1,0,-0.20,2,1,0,6,6,4
Ace Tyndall,Colorado,.263,.348,.424,5,112,.284,9.8,17.9,11,2,99,0,17,18,1,0.34,20,1,0,5,6,7
Lucas Téllez,Charlotte,.194,.254,.355,3,67,.196,7.5,19.4,5,0,62,0,9,3,0,-0.50,8,1,0,6,7,5
Chiao-Lung Ubachs,Toronto,.244,.277,.467,3,47,.242,0.0,19.1,0,2,45,0,8,8,1,0.02,7,1,0,6,7,3
Huynh Ut,New Hampshire,.250,.333,.250,0,9,.400,11.1,33.3,1,0,8,0,1,0,0,-0.02,2,0,0,6,5,5
Noah Valentin,Indianapolis,.297,.333,.440,2,96,.347,5.2,17.7,5,0,91,0,10,12,0,-0.93,18,7,0,7,7,5
Joel Vargas,Cheyenne,1.000,1.000,1.000,0,1,1.000,0.0,0.0,0,0,1,0,0,0,0,0.00,1,0,0,7,6,5
Yorvit Vasquez,Charlotte,.375,.474,.375,0,19,.462,15.8,15.8,3,0,16,0,0,2,0,-0.08,6,0,0,7,4,7
Pacho Velez,New York,.190,.229,.342,3,83,.194,3.6,16.9,3,1,79,0,14,9,0,0.45,9,3,0,7,6,5
Meto Verduzco,Vancouver,.000,.000,.000,0,11,.000,0.0,54.5,0,0,11,0,0,0,0,-0.25,0,0,0,5,7,4
Michele Viciani,Boise,.264,.354,.368,2,99,.318,10.1,19.2,10,2,87,0,12,8,0,0.21,18,3,0,7,5,6
Umberto Viola,San Diego,.233,.324,.333,3,170,.276,11.8,18.2,20,0,150,0,20,17,0,-0.65,26,6,0,7,5,6
Stavros Vogiatzis,Cincinnati,.217,.308,.239,0,52,.270,7.7,17.3,4,2,46,0,2,4,0,-0.30,9,1,0,7,5,6
Jordan Walton,Arizona,.211,.333,.360,5,135,.237,14.8,21.5,20,1,114,0,13,10,3,-0.84,17,2,0,6,6,6
Matt Warren,Corpus Christi,.273,.273,.273,0,11,.273,0.0,0.0,0,0,11,0,1,1,1,-0.04,3,0,0,6,6,4
Gerard Warwick,Inland Empire,.500,.556,.750,1,18,.500,11.1,5.6,2,0,16,0,3,5,0,0.26,6,1,0,7,5,7
Rich Weaver,Tennessee,.000,.000,.000,0,0,.000,0.0,0.0,0,0,0,0,0,0,0,0.00,0,0,0,6,6,5
Devin Webb,New York,.309,.360,.465,12,339,.326,5.9,12.1,20,5,314,0,43,48,1,1.09,75,7,3,7,6,4
Alexander Welatchie,Kansas City,.400,.400,.700,1,10,.429,0.0,20.0,0,0,10,0,4,3,1,0.20,3,0,0,7,6,5
Michel Wendt,Tampa Bay,.234,.306,.286,1,85,.304,8.2,23.5,7,1,77,0,3,7,0,-0.56,16,1,0,6,7,6
Yaifredo West,Boise,.140,.288,.233,1,52,.227,17.3,38.5,9,0,43,0,6,4,0,-0.08,4,1,0,7,6,7
Ernest Wetherholt,Kansas City,.257,.324,.297,1,222,.309,9.0,16.2,20,0,202,0,14,24,3,-0.64,46,5,0,6,6,5
Cayden Whited,Milwaukee,.218,.282,.282,1,85,.276,8.2,22.4,7,0,78,0,5,8,0,-0.19,14,2,0,6,6,5
Hunter Wilcox,Pittsburgh,.295,.333,.364,1,93,.321,5.4,9.7,5,0,88,0,10,15,6,-0.15,22,3,0,8,5,5
Cayden Williams,Tulsa,.231,.286,.231,0,28,.261,7.1,10.7,2,0,26,0,1,1,0,-0.23,6,0,0,7,6,5
Pancho Williams,Dayton,.210,.295,.310,2,112,.253,9.8,20.5,11,1,100,0,7,5,0,-0.29,15,4,0,7,6,6
Adam Jozef Wilson,Cleveland,.000,.000,.000,0,0,.000,0.0,0.0,0,0,0,0,0,0,0,0.00,0,0,0,6,5,5
Colton Wilson,Sugar Land,.231,.286,.279,0,112,.333,7.1,28.6,8,0,104,0,10,9,0,-0.21,21,1,2,6,4,4
Tike Wilson,Cleveland,.178,.270,.193,0,152,.220,11.2,17.1,17,0,135,0,2,6,3,-2.24,22,2,0,6,6,6
Ken Winston,Seattle,.303,.376,.408,6,255,.362,10.2,18.8,26,1,228,0,29,26,0,0.42,57,6,0,7,6,5
Mike Woods,Staten Island,.000,.500,.000,0,2,.000,50.0,0.0,1,0,1,0,0,1,0,-0.11,0,0,0,7,6,6
Eladio Yadgiri,Toronto,.323,.347,.411,2,199,.380,3.0,16.1,6,1,192,0,20,21,1,0.05,49,11,0,7,7,4
George Yazzie,Philadelphia,.150,.190,.150,0,21,.200,4.8,23.8,1,0,20,0,1,0,0,-0.26,3,0,0,7,6,5
Mersin Ymeri,New York,.148,.224,.246,2,67,.179,7.5,29.9,5,1,61,0,4,4,0,-0.95,7,0,0,5,6,6
Kyle Yoder,Boston,.206,.277,.342,8,282,.285,8.2,32.3,23,2,257,0,27,29,3,-2.54,36,7,2,6,7,5
Ted Yount,Portland,.265,.337,.326,3,309,.314,9.1,16.2,28,2,279,0,24,28,8,0.20,63,8,0,7,4,6
Iliyan Yunuz,New York,.350,.442,.456,4,240,.384,12.9,10.4,31,3,206,0,32,30,0,2.03,61,4,3,7,5,6
Joel Álvarez,New York,.214,.214,.429,1,14,.167,0.0,7.1,0,0,14,0,2,1,0,-0.36,2,0,0,6,6,6
Kadem Üzümcü,Detroit,.333,.415,.474,1,65,.367,12.3,10.8,8,0,57,0,5,8,1,0.02,15,1,2,7,5,6
